Data File,Category,Sub-Category 1,Sub-Category 2,Sub-Category 3,Resolution (C),Ocean Resolution (mx),File Extension,File Size (Bytes),YYYY
ufs_land_restart.2016-01-01_18-00-00.nc,inputs,gdas,restarts,,,,.nc,13816008,
ufs_land_restart.2015-09-01_18-00-00.nc,inputs,gdas,restarts,,,,.nc,13816008,
C96_oro_data.tile2.nc,inputs,gdas,forcing,orog_files,96,,.nc,833585,
oro_C96.mx100.tile2.nc,inputs,gdas,forcing,orog_files,96,100,.nc,833585,
oro_C96.mx100.tile4.nc,inputs,gdas,forcing,orog_files,96,100,.nc,833585,
C96_oro_data.tile4.nc,inputs,gdas,forcing,orog_files,96,,.nc,833585,
C96_grid.tile3.nc,inputs,gdas,forcing,orog_files,96,,.nc,2094971,
C96_grid.tile4.nc,inputs,gdas,forcing,orog_files,96,,.nc,2094971,
C96_grid.tile5.nc,inputs,gdas,forcing,orog_files,96,,.nc,2094971,
oro_C96.mx100.tile6.nc,inputs,gdas,forcing,orog_files,96,100,.nc,833585,
oro_C96.mx100.tile3.nc,inputs,gdas,forcing,orog_files,96,100,.nc,833585,
C96_grid.tile2.nc,inputs,gdas,forcing,orog_files,96,,.nc,2094971,
C96_oro_data.tile5.nc,inputs,gdas,forcing,orog_files,96,,.nc,833585,
C96_oro_data.tile3.nc,inputs,gdas,forcing,orog_files,96,,.nc,833585,
oro_C96.mx100.tile5.nc,inputs,gdas,forcing,orog_files,96,100,.nc,833585,
C96_oro_data.tile1.nc,inputs,gdas,forcing,orog_files,96,,.nc,833585,
C96_oro_data.tile6.nc,inputs,gdas,forcing,orog_files,96,,.nc,833585,
C96_grid.tile1.nc,inputs,gdas,forcing,orog_files,96,,.nc,2094971,
C96_grid.tile6.nc,inputs,gdas,forcing,orog_files,96,,.nc,2094971,
oro_C96.mx100.tile1.nc,inputs,gdas,forcing,orog_files,96,100,.nc,833585,
ufs-land_C96_init_fields_1hr.nc,inputs,gdas,forcing,init,96,,.nc,1323952,
ufs-land.namelist.gdas,inputs,gdas,forcing,gdas,,,.gdas,2850,
C96_GDAS_forcing_2016-05-15.nc,inputs,gdas,forcing,gdas,96,,.nc,14101708,
C96_GDAS_forcing_2016-04-03.nc,inputs,gdas,forcing,gdas,96,,.nc,14101708,
C96_GDAS_forcing_2016-06-29.nc,inputs,gdas,forcing,gdas,96,,.nc,14101708,
C96_GDAS_forcing_2016-05-09.nc,inputs,gdas,forcing,gdas,96,,.nc,14101708,
C96_GDAS_forcing_2016-12-01.nc,inputs,gdas,forcing,gdas,96,,.nc,14101708,
C96_GDAS_forcing_2016-09-04.nc,inputs,gdas,forcing,gdas,96,,.nc,14101708,
C96_GDAS_forcing_2016-04-21.nc,inputs,gdas,forcing,gdas,96,,.nc,14101708,
C96_GDAS_forcing_2016-09-09.nc,inputs,gdas,forcing,gdas,96,,.nc,14101708,
C96_GDAS_forcing_2016-08-10.nc,inputs,gdas,forcing,gdas,96,,.nc,14101708,
C96_GDAS_forcing_2016-02-26.nc,inputs,gdas,forcing,gdas,96,,.nc,14101708,
C96_GDAS_forcing_2016-06-21.nc,inputs,gdas,forcing,gdas,96,,.nc,14101708,
C96_GDAS_forcing_2016-10-02.nc,inputs,gdas,forcing,gdas,96,,.nc,14101708,
C96_GDAS_forcing_2016-07-02.nc,inputs,gdas,forcing,gdas,96,,.nc,14101708,
C96_GDAS_forcing_2016-12-25.nc,inputs,gdas,forcing,gdas,96,,.nc,14101708,
C96_GDAS_forcing_2016-02-17.nc,inputs,gdas,forcing,gdas,96,,.nc,14101708,
C96_GDAS_forcing_2016-06-27.nc,inputs,gdas,forcing,gdas,96,,.nc,14101708,
C96_GDAS_forcing_2016-08-26.nc,inputs,gdas,forcing,gdas,96,,.nc,14101708,
C96_GDAS_forcing_2016-11-04.nc,inputs,gdas,forcing,gdas,96,,.nc,14101708,
C96_GDAS_forcing_2016-11-18.nc,inputs,gdas,forcing,gdas,96,,.nc,14101708,
C96_GDAS_forcing_2016-02-06.nc,inputs,gdas,forcing,gdas,96,,.nc,14101708,
C96_GDAS_forcing_2016-11-16.nc,inputs,gdas,forcing,gdas,96,,.nc,14101708,
C96_GDAS_forcing_2016-09-08.nc,inputs,gdas,forcing,gdas,96,,.nc,14101708,
C96_GDAS_forcing_2016-02-25.nc,inputs,gdas,forcing,gdas,96,,.nc,14101708,
C96_GDAS_forcing_2016-07-19.nc,inputs,gdas,forcing,gdas,96,,.nc,14101708,
C96_GDAS_forcing_2016-02-19.nc,inputs,gdas,forcing,gdas,96,,.nc,14101708,
C96_GDAS_forcing_2016-12-30.nc,inputs,gdas,forcing,gdas,96,,.nc,14101708,
C96_GDAS_forcing_2016-10-20.nc,inputs,gdas,forcing,gdas,96,,.nc,14101708,
C96_GDAS_forcing_2016-07-22.nc,inputs,gdas,forcing,gdas,96,,.nc,14101708,
C96_GDAS_forcing_2016-10-19.nc,inputs,gdas,forcing,gdas,96,,.nc,14101708,
C96_GDAS_forcing_2016-01-12.nc,inputs,gdas,forcing,gdas,96,,.nc,14101708,
C96_GDAS_forcing_2016-07-26.nc,inputs,gdas,forcing,gdas,96,,.nc,14101708,
C96_GDAS_forcing_2016-02-04.nc,inputs,gdas,forcing,gdas,96,,.nc,14101708,
C96_GDAS_forcing_2016-02-16.nc,inputs,gdas,forcing,gdas,96,,.nc,14101708,
C96_GDAS_forcing_2016-01-01.nc,inputs,gdas,forcing,gdas,96,,.nc,14101708,
C96_GDAS_forcing_2016-12-17.nc,inputs,gdas,forcing,gdas,96,,.nc,14101708,
C96_GDAS_forcing_2016-09-18.nc,inputs,gdas,forcing,gdas,96,,.nc,14101708,
C96_GDAS_forcing_2016-07-28.nc,inputs,gdas,forcing,gdas,96,,.nc,14101708,
C96_GDAS_forcing_2016-08-13.nc,inputs,gdas,forcing,gdas,96,,.nc,14101708,
C96_GDAS_forcing_2016-10-18.nc,inputs,gdas,forcing,gdas,96,,.nc,14101708,
C96_GDAS_forcing_2016-04-26.nc,inputs,gdas,forcing,gdas,96,,.nc,14101708,
C96_GDAS_forcing_2016-03-20.nc,inputs,gdas,forcing,gdas,96,,.nc,14101708,
C96_GDAS_forcing_2016-01-15.nc,inputs,gdas,forcing,gdas,96,,.nc,14101708,
C96_GDAS_forcing_2016-01-25.nc,inputs,gdas,forcing,gdas,96,,.nc,14101708,
C96_GDAS_forcing_2016-01-29.nc,inputs,gdas,forcing,gdas,96,,.nc,14101708,
C96_GDAS_forcing_2016-11-26.nc,inputs,gdas,forcing,gdas,96,,.nc,14101708,
C96_GDAS_forcing_2016-11-14.nc,inputs,gdas,forcing,gdas,96,,.nc,14101708,
C96_GDAS_forcing_2016-02-10.nc,inputs,gdas,forcing,gdas,96,,.nc,14101708,
C96_GDAS_forcing_2016-03-03.nc,inputs,gdas,forcing,gdas,96,,.nc,14101708,
C96_GDAS_forcing_2016-12-05.nc,inputs,gdas,forcing,gdas,96,,.nc,14101708,
C96_GDAS_forcing_2016-04-07.nc,inputs,gdas,forcing,gdas,96,,.nc,14101708,
C96_GDAS_forcing_2016-05-14.nc,inputs,gdas,forcing,gdas,96,,.nc,14101708,
C96_GDAS_forcing_2016-06-14.nc,inputs,gdas,forcing,gdas,96,,.nc,14101708,
C96_GDAS_forcing_2016-11-05.nc,inputs,gdas,forcing,gdas,96,,.nc,14101708,
C96_GDAS_forcing_2016-02-01.nc,inputs,gdas,forcing,gdas,96,,.nc,14101708,
C96_GDAS_forcing_2016-06-28.nc,inputs,gdas,forcing,gdas,96,,.nc,14101708,
C96_GDAS_forcing_2016-02-11.nc,inputs,gdas,forcing,gdas,96,,.nc,14101708,
C96_GDAS_forcing_2016-07-18.nc,inputs,gdas,forcing,gdas,96,,.nc,14101708,
C96_GDAS_forcing_2016-04-18.nc,inputs,gdas,forcing,gdas,96,,.nc,14101708,
C96_GDAS_forcing_2016-12-09.nc,inputs,gdas,forcing,gdas,96,,.nc,14101708,
C96_GDAS_forcing_2016-12-12.nc,inputs,gdas,forcing,gdas,96,,.nc,14101708,
C96_GDAS_forcing_2016-09-05.nc,inputs,gdas,forcing,gdas,96,,.nc,14101708,
C96_GDAS_forcing_2016-10-11.nc,inputs,gdas,forcing,gdas,96,,.nc,14101708,
C96_GDAS_forcing_2016-08-19.nc,inputs,gdas,forcing,gdas,96,,.nc,14101708,
C96_GDAS_forcing_2016-12-08.nc,inputs,gdas,forcing,gdas,96,,.nc,14101708,
C96_GDAS_forcing_2016-02-15.nc,inputs,gdas,forcing,gdas,96,,.nc,14101708,
C96_GDAS_forcing_2016-01-04.nc,inputs,gdas,forcing,gdas,96,,.nc,14101708,
C96_GDAS_forcing_2016-10-10.nc,inputs,gdas,forcing,gdas,96,,.nc,14101708,
C96_GDAS_forcing_2016-01-09.nc,inputs,gdas,forcing,gdas,96,,.nc,14101708,
C96_GDAS_forcing_2016-06-02.nc,inputs,gdas,forcing,gdas,96,,.nc,14101708,
C96_GDAS_forcing_2016-07-09.nc,inputs,gdas,forcing,gdas,96,,.nc,14101708,
C96_GDAS_forcing_2016-09-01.nc,inputs,gdas,forcing,gdas,96,,.nc,14101708,
C96_GDAS_forcing_2016-10-14.nc,inputs,gdas,forcing,gdas,96,,.nc,14101708,
C96_GDAS_forcing_2016-09-28.nc,inputs,gdas,forcing,gdas,96,,.nc,14101708,
C96_GDAS_forcing_2016-12-10.nc,inputs,gdas,forcing,gdas,96,,.nc,14101708,
C96_GDAS_forcing_2016-08-07.nc,inputs,gdas,forcing,gdas,96,,.nc,14101708,
C96_GDAS_forcing_2016-02-24.nc,inputs,gdas,forcing,gdas,96,,.nc,14101708,
C96_GDAS_forcing_2016-02-18.nc,inputs,gdas,forcing,gdas,96,,.nc,14101708,
C96_GDAS_forcing_2016-09-23.nc,inputs,gdas,forcing,gdas,96,,.nc,14101708,
C96_GDAS_forcing_2016-09-29.nc,inputs,gdas,forcing,gdas,96,,.nc,14101708,
C96_GDAS_forcing_2016-06-15.nc,inputs,gdas,forcing,gdas,96,,.nc,14101708,
C96_GDAS_forcing_2016-09-02.nc,inputs,gdas,forcing,gdas,96,,.nc,14101708,
C96_GDAS_forcing_2016-02-28.nc,inputs,gdas,forcing,gdas,96,,.nc,14101708,
C96_GDAS_forcing_2016-06-04.nc,inputs,gdas,forcing,gdas,96,,.nc,14101708,
C96_GDAS_forcing_2016-06-01.nc,inputs,gdas,forcing,gdas,96,,.nc,14101708,
C96_GDAS_forcing_2016-03-14.nc,inputs,gdas,forcing,gdas,96,,.nc,14101708,
C96_GDAS_forcing_2016-11-21.nc,inputs,gdas,forcing,gdas,96,,.nc,14101708,
C96_GDAS_forcing_2016-07-17.nc,inputs,gdas,forcing,gdas,96,,.nc,14101708,
C96_GDAS_forcing_2016-09-19.nc,inputs,gdas,forcing,gdas,96,,.nc,14101708,
C96_GDAS_forcing_2016-11-27.nc,inputs,gdas,forcing,gdas,96,,.nc,14101708,
C96_GDAS_forcing_2016-01-13.nc,inputs,gdas,forcing,gdas,96,,.nc,14101708,
C96_GDAS_forcing_2016-04-13.nc,inputs,gdas,forcing,gdas,96,,.nc,14101708,
C96_GDAS_forcing_2016-01-08.nc,inputs,gdas,forcing,gdas,96,,.nc,14101708,
C96_GDAS_forcing_2016-05-27.nc,inputs,gdas,forcing,gdas,96,,.nc,14101708,
C96_GDAS_forcing_2016-06-22.nc,inputs,gdas,forcing,gdas,96,,.nc,14101708,
C96_GDAS_forcing_2016-04-23.nc,inputs,gdas,forcing,gdas,96,,.nc,14101708,
C96_GDAS_forcing_2016-12-27.nc,inputs,gdas,forcing,gdas,96,,.nc,14101708,
C96_GDAS_forcing_2016-01-21.nc,inputs,gdas,forcing,gdas,96,,.nc,14101708,
C96_GDAS_forcing_2016-05-22.nc,inputs,gdas,forcing,gdas,96,,.nc,14101708,
C96_GDAS_forcing_2016-01-02.nc,inputs,gdas,forcing,gdas,96,,.nc,14101708,
C96_GDAS_forcing_2016-03-24.nc,inputs,gdas,forcing,gdas,96,,.nc,14101708,
C96_GDAS_forcing_2016-11-10.nc,inputs,gdas,forcing,gdas,96,,.nc,14101708,
C96_GDAS_forcing_2016-12-21.nc,inputs,gdas,forcing,gdas,96,,.nc,14101708,
C96_GDAS_forcing_2016-10-01.nc,inputs,gdas,forcing,gdas,96,,.nc,14101708,
C96_GDAS_forcing_2016-07-04.nc,inputs,gdas,forcing,gdas,96,,.nc,14101708,
C96_GDAS_forcing_2016-11-20.nc,inputs,gdas,forcing,gdas,96,,.nc,14101708,
C96_GDAS_forcing_2016-05-29.nc,inputs,gdas,forcing,gdas,96,,.nc,14101708,
C96_GDAS_forcing_2016-06-24.nc,inputs,gdas,forcing,gdas,96,,.nc,14101708,
C96_GDAS_forcing_2016-09-03.nc,inputs,gdas,forcing,gdas,96,,.nc,14101708,
C96_GDAS_forcing_2016-05-23.nc,inputs,gdas,forcing,gdas,96,,.nc,14101708,
C96_GDAS_forcing_2016-09-26.nc,inputs,gdas,forcing,gdas,96,,.nc,14101708,
C96_GDAS_forcing_2016-12-14.nc,inputs,gdas,forcing,gdas,96,,.nc,14101708,
C96_GDAS_forcing_2016-01-31.nc,inputs,gdas,forcing,gdas,96,,.nc,14101708,
C96_GDAS_forcing_2016-06-05.nc,inputs,gdas,forcing,gdas,96,,.nc,14101708,
C96_GDAS_forcing_2016-03-12.nc,inputs,gdas,forcing,gdas,96,,.nc,14101708,
C96_GDAS_forcing_2016-01-10.nc,inputs,gdas,forcing,gdas,96,,.nc,14101708,
C96_GDAS_forcing_2016-06-07.nc,inputs,gdas,forcing,gdas,96,,.nc,14101708,
C96_GDAS_forcing_2016-06-17.nc,inputs,gdas,forcing,gdas,96,,.nc,14101708,
C96_GDAS_forcing_2016-01-06.nc,inputs,gdas,forcing,gdas,96,,.nc,14101708,
C96_GDAS_forcing_2016-06-23.nc,inputs,gdas,forcing,gdas,96,,.nc,14101708,
C96_GDAS_forcing_2016-05-16.nc,inputs,gdas,forcing,gdas,96,,.nc,14101708,
C96_GDAS_forcing_2016-06-16.nc,inputs,gdas,forcing,gdas,96,,.nc,14101708,
C96_GDAS_forcing_2016-11-19.nc,inputs,gdas,forcing,gdas,96,,.nc,14101708,
C96_GDAS_forcing_2016-04-05.nc,inputs,gdas,forcing,gdas,96,,.nc,14101708,
C96_GDAS_forcing_2016-12-28.nc,inputs,gdas,forcing,gdas,96,,.nc,14101708,
C96_GDAS_forcing_2016-08-22.nc,inputs,gdas,forcing,gdas,96,,.nc,14101708,
C96_GDAS_forcing_2016-02-22.nc,inputs,gdas,forcing,gdas,96,,.nc,14101708,
C96_GDAS_forcing_2016-05-02.nc,inputs,gdas,forcing,gdas,96,,.nc,14101708,
C96_GDAS_forcing_2016-07-13.nc,inputs,gdas,forcing,gdas,96,,.nc,14101708,
C96_GDAS_forcing_2016-05-30.nc,inputs,gdas,forcing,gdas,96,,.nc,14101708,
C96_GDAS_forcing_2016-04-20.nc,inputs,gdas,forcing,gdas,96,,.nc,14101708,
C96_GDAS_forcing_2016-11-03.nc,inputs,gdas,forcing,gdas,96,,.nc,14101708,
C96_GDAS_forcing_2016-07-07.nc,inputs,gdas,forcing,gdas,96,,.nc,14101708,
C96_GDAS_forcing_2016-10-28.nc,inputs,gdas,forcing,gdas,96,,.nc,14101708,
C96_GDAS_forcing_2016-03-01.nc,inputs,gdas,forcing,gdas,96,,.nc,14101708,
C96_GDAS_forcing_2016-08-24.nc,inputs,gdas,forcing,gdas,96,,.nc,14101708,
C96_GDAS_forcing_2016-02-08.nc,inputs,gdas,forcing,gdas,96,,.nc,14101708,
C96_GDAS_forcing_2016-02-23.nc,inputs,gdas,forcing,gdas,96,,.nc,14101708,
C96_GDAS_forcing_2016-11-07.nc,inputs,gdas,forcing,gdas,96,,.nc,14101708,
C96_GDAS_forcing_2016-02-03.nc,inputs,gdas,forcing,gdas,96,,.nc,14101708,
C96_GDAS_forcing_2016-01-19.nc,inputs,gdas,forcing,gdas,96,,.nc,14101708,
C96_GDAS_forcing_2016-10-05.nc,inputs,gdas,forcing,gdas,96,,.nc,14101708,
C96_GDAS_forcing_2016-03-18.nc,inputs,gdas,forcing,gdas,96,,.nc,14101708,
C96_GDAS_forcing_2016-11-01.nc,inputs,gdas,forcing,gdas,96,,.nc,14101708,
C96_GDAS_forcing_2016-01-28.nc,inputs,gdas,forcing,gdas,96,,.nc,14101708,
C96_GDAS_forcing_2016-02-20.nc,inputs,gdas,forcing,gdas,96,,.nc,14101708,
C96_GDAS_forcing_2016-03-07.nc,inputs,gdas,forcing,gdas,96,,.nc,14101708,
C96_GDAS_forcing_2016-03-02.nc,inputs,gdas,forcing,gdas,96,,.nc,14101708,
C96_GDAS_forcing_2016-12-04.nc,inputs,gdas,forcing,gdas,96,,.nc,14101708,
C96_GDAS_forcing_2016-06-11.nc,inputs,gdas,forcing,gdas,96,,.nc,14101708,
C96_GDAS_forcing_2016-04-01.nc,inputs,gdas,forcing,gdas,96,,.nc,14101708,
C96_GDAS_forcing_2016-03-05.nc,inputs,gdas,forcing,gdas,96,,.nc,14101708,
C96_GDAS_forcing_2016-01-17.nc,inputs,gdas,forcing,gdas,96,,.nc,14101708,
C96_GDAS_forcing_2016-05-07.nc,inputs,gdas,forcing,gdas,96,,.nc,14101708,
C96_GDAS_forcing_2016-04-11.nc,inputs,gdas,forcing,gdas,96,,.nc,14101708,
C96_GDAS_forcing_2016-01-14.nc,inputs,gdas,forcing,gdas,96,,.nc,14101708,
C96_GDAS_forcing_2016-03-04.nc,inputs,gdas,forcing,gdas,96,,.nc,14101708,
C96_GDAS_forcing_2016-05-10.nc,inputs,gdas,forcing,gdas,96,,.nc,14101708,
C96_GDAS_forcing_2016-02-07.nc,inputs,gdas,forcing,gdas,96,,.nc,14101708,
C96_GDAS_forcing_2016-10-31.nc,inputs,gdas,forcing,gdas,96,,.nc,14101708,
C96_GDAS_forcing_2016-08-03.nc,inputs,gdas,forcing,gdas,96,,.nc,14101708,
C96_GDAS_forcing_2016-04-27.nc,inputs,gdas,forcing,gdas,96,,.nc,14101708,
C96_GDAS_forcing_2016-03-10.nc,inputs,gdas,forcing,gdas,96,,.nc,14101708,
C96_GDAS_forcing_2016-10-16.nc,inputs,gdas,forcing,gdas,96,,.nc,14101708,
C96_GDAS_forcing_2016-12-03.nc,inputs,gdas,forcing,gdas,96,,.nc,14101708,
C96_GDAS_forcing_2016-09-27.nc,inputs,gdas,forcing,gdas,96,,.nc,14101708,
C96_GDAS_forcing_2016-03-27.nc,inputs,gdas,forcing,gdas,96,,.nc,14101708,
C96_GDAS_forcing_2016-03-29.nc,inputs,gdas,forcing,gdas,96,,.nc,14101708,
C96_GDAS_forcing_2016-08-28.nc,inputs,gdas,forcing,gdas,96,,.nc,14101708,
C96_GDAS_forcing_2016-10-22.nc,inputs,gdas,forcing,gdas,96,,.nc,14101708,
C96_GDAS_forcing_2016-09-14.nc,inputs,gdas,forcing,gdas,96,,.nc,14101708,
C96_GDAS_forcing_2016-07-31.nc,inputs,gdas,forcing,gdas,96,,.nc,14101708,
C96_GDAS_forcing_2016-11-02.nc,inputs,gdas,forcing,gdas,96,,.nc,14101708,
C96_GDAS_forcing_2016-08-31.nc,inputs,gdas,forcing,gdas,96,,.nc,14101708,
C96_GDAS_forcing_2016-09-30.nc,inputs,gdas,forcing,gdas,96,,.nc,14101708,
C96_GDAS_forcing_2016-01-23.nc,inputs,gdas,forcing,gdas,96,,.nc,14101708,
C96_GDAS_forcing_2016-07-29.nc,inputs,gdas,forcing,gdas,96,,.nc,14101708,
C96_GDAS_forcing_2016-05-13.nc,inputs,gdas,forcing,gdas,96,,.nc,14101708,
C96_GDAS_forcing_2016-11-08.nc,inputs,gdas,forcing,gdas,96,,.nc,14101708,
C96_GDAS_forcing_2016-02-05.nc,inputs,gdas,forcing,gdas,96,,.nc,14101708,
C96_GDAS_forcing_2016-11-11.nc,inputs,gdas,forcing,gdas,96,,.nc,14101708,
C96_GDAS_forcing_2016-05-31.nc,inputs,gdas,forcing,gdas,96,,.nc,14101708,
C96_GDAS_forcing_2016-04-16.nc,inputs,gdas,forcing,gdas,96,,.nc,14101708,
C96_GDAS_forcing_2016-03-22.nc,inputs,gdas,forcing,gdas,96,,.nc,14101708,
C96_GDAS_forcing_2016-06-09.nc,inputs,gdas,forcing,gdas,96,,.nc,14101708,
C96_GDAS_forcing_2016-07-27.nc,inputs,gdas,forcing,gdas,96,,.nc,14101708,
C96_GDAS_forcing_2016-09-20.nc,inputs,gdas,forcing,gdas,96,,.nc,14101708,
C96_GDAS_forcing_2016-02-21.nc,inputs,gdas,forcing,gdas,96,,.nc,14101708,
C96_GDAS_forcing_2016-11-23.nc,inputs,gdas,forcing,gdas,96,,.nc,14101708,
C96_GDAS_forcing_2016-12-07.nc,inputs,gdas,forcing,gdas,96,,.nc,14101708,
C96_GDAS_forcing_2016-05-25.nc,inputs,gdas,forcing,gdas,96,,.nc,14101708,
C96_GDAS_forcing_2016-07-06.nc,inputs,gdas,forcing,gdas,96,,.nc,14101708,
C96_GDAS_forcing_2016-08-15.nc,inputs,gdas,forcing,gdas,96,,.nc,14101708,
C96_GDAS_forcing_2016-08-21.nc,inputs,gdas,forcing,gdas,96,,.nc,14101708,
C96_GDAS_forcing_2016-06-06.nc,inputs,gdas,forcing,gdas,96,,.nc,14101708,
C96_GDAS_forcing_2016-02-27.nc,inputs,gdas,forcing,gdas,96,,.nc,14101708,
C96_GDAS_forcing_2016-08-06.nc,inputs,gdas,forcing,gdas,96,,.nc,14101708,
C96_GDAS_forcing_2016-05-05.nc,inputs,gdas,forcing,gdas,96,,.nc,14101708,
C96_GDAS_forcing_2016-09-15.nc,inputs,gdas,forcing,gdas,96,,.nc,14101708,
C96_GDAS_forcing_2016-04-17.nc,inputs,gdas,forcing,gdas,96,,.nc,14101708,
C96_GDAS_forcing_2016-02-09.nc,inputs,gdas,forcing,gdas,96,,.nc,14101708,
C96_GDAS_forcing_2016-12-20.nc,inputs,gdas,forcing,gdas,96,,.nc,14101708,
C96_GDAS_forcing_2016-10-17.nc,inputs,gdas,forcing,gdas,96,,.nc,14101708,
C96_GDAS_forcing_2016-07-12.nc,inputs,gdas,forcing,gdas,96,,.nc,14101708,
C96_GDAS_forcing_2016-04-10.nc,inputs,gdas,forcing,gdas,96,,.nc,14101708,
C96_GDAS_forcing_2016-03-30.nc,inputs,gdas,forcing,gdas,96,,.nc,14101708,
C96_GDAS_forcing_2016-07-05.nc,inputs,gdas,forcing,gdas,96,,.nc,14101708,
C96_GDAS_forcing_2016-03-15.nc,inputs,gdas,forcing,gdas,96,,.nc,14101708,
C96_GDAS_forcing_2016-11-25.nc,inputs,gdas,forcing,gdas,96,,.nc,14101708,
C96_GDAS_forcing_2016-04-22.nc,inputs,gdas,forcing,gdas,96,,.nc,14101708,
C96_GDAS_forcing_2016-08-18.nc,inputs,gdas,forcing,gdas,96,,.nc,14101708,
C96_GDAS_forcing_2016-10-24.nc,inputs,gdas,forcing,gdas,96,,.nc,14101708,
C96_GDAS_forcing_2016-08-02.nc,inputs,gdas,forcing,gdas,96,,.nc,14101708,
C96_GDAS_forcing_2016-09-17.nc,inputs,gdas,forcing,gdas,96,,.nc,14101708,
C96_GDAS_forcing_2016-01-05.nc,inputs,gdas,forcing,gdas,96,,.nc,14101708,
C96_GDAS_forcing_2016-12-19.nc,inputs,gdas,forcing,gdas,96,,.nc,14101708,
C96_GDAS_forcing_2016-08-08.nc,inputs,gdas,forcing,gdas,96,,.nc,14101708,
C96_GDAS_forcing_2016-11-17.nc,inputs,gdas,forcing,gdas,96,,.nc,14101708,
C96_GDAS_forcing_2016-01-16.nc,inputs,gdas,forcing,gdas,96,,.nc,14101708,
C96_GDAS_forcing_2016-04-14.nc,inputs,gdas,forcing,gdas,96,,.nc,14101708,
C96_GDAS_forcing_2016-10-30.nc,inputs,gdas,forcing,gdas,96,,.nc,14101708,
C96_GDAS_forcing_2016-08-05.nc,inputs,gdas,forcing,gdas,96,,.nc,14101708,
C96_GDAS_forcing_2016-01-22.nc,inputs,gdas,forcing,gdas,96,,.nc,14101708,
C96_GDAS_forcing_2016-09-07.nc,inputs,gdas,forcing,gdas,96,,.nc,14101708,
C96_GDAS_forcing_2016-10-12.nc,inputs,gdas,forcing,gdas,96,,.nc,14101708,
C96_GDAS_forcing_2016-08-14.nc,inputs,gdas,forcing,gdas,96,,.nc,14101708,
C96_GDAS_forcing_2016-11-12.nc,inputs,gdas,forcing,gdas,96,,.nc,14101708,
C96_GDAS_forcing_2016-02-13.nc,inputs,gdas,forcing,gdas,96,,.nc,14101708,
C96_GDAS_forcing_2016-10-13.nc,inputs,gdas,forcing,gdas,96,,.nc,14101708,
C96_GDAS_forcing_2016-07-11.nc,inputs,gdas,forcing,gdas,96,,.nc,14101708,
C96_GDAS_forcing_2016-07-08.nc,inputs,gdas,forcing,gdas,96,,.nc,14101708,
C96_GDAS_forcing_2016-11-24.nc,inputs,gdas,forcing,gdas,96,,.nc,14101708,
C96_GDAS_forcing_2016-05-26.nc,inputs,gdas,forcing,gdas,96,,.nc,14101708,
C96_GDAS_forcing_2016-01-24.nc,inputs,gdas,forcing,gdas,96,,.nc,14101708,
C96_GDAS_forcing_2016-12-15.nc,inputs,gdas,forcing,gdas,96,,.nc,14101708,
C96_GDAS_forcing_2016-03-21.nc,inputs,gdas,forcing,gdas,96,,.nc,14101708,
C96_GDAS_forcing_2016-05-11.nc,inputs,gdas,forcing,gdas,96,,.nc,14101708,
C96_GDAS_forcing_2016-08-20.nc,inputs,gdas,forcing,gdas,96,,.nc,14101708,
C96_GDAS_forcing_2016-08-01.nc,inputs,gdas,forcing,gdas,96,,.nc,14101708,
C96_GDAS_forcing_2016-02-29.nc,inputs,gdas,forcing,gdas,96,,.nc,14101708,
C96_GDAS_forcing_2016-05-24.nc,inputs,gdas,forcing,gdas,96,,.nc,14101708,
C96_GDAS_forcing_2016-09-16.nc,inputs,gdas,forcing,gdas,96,,.nc,14101708,
C96_GDAS_forcing_2016-02-02.nc,inputs,gdas,forcing,gdas,96,,.nc,14101708,
C96_GDAS_forcing_2016-04-25.nc,inputs,gdas,forcing,gdas,96,,.nc,14101708,
C96_GDAS_forcing_2016-01-07.nc,inputs,gdas,forcing,gdas,96,,.nc,14101708,
C96_GDAS_forcing_2016-12-02.nc,inputs,gdas,forcing,gdas,96,,.nc,14101708,
C96_GDAS_forcing_2016-01-26.nc,inputs,gdas,forcing,gdas,96,,.nc,14101708,
C96_GDAS_forcing_2016-07-24.nc,inputs,gdas,forcing,gdas,96,,.nc,14101708,
C96_GDAS_forcing_2016-01-27.nc,inputs,gdas,forcing,gdas,96,,.nc,14101708,
C96_GDAS_forcing_2016-08-12.nc,inputs,gdas,forcing,gdas,96,,.nc,14101708,
C96_GDAS_forcing_2016-12-06.nc,inputs,gdas,forcing,gdas,96,,.nc,14101708,
C96_GDAS_forcing_2016-07-03.nc,inputs,gdas,forcing,gdas,96,,.nc,14101708,
C96_GDAS_forcing_2016-03-28.nc,inputs,gdas,forcing,gdas,96,,.nc,14101708,
C96_GDAS_forcing_2016-06-18.nc,inputs,gdas,forcing,gdas,96,,.nc,14101708,
C96_GDAS_forcing_2016-03-19.nc,inputs,gdas,forcing,gdas,96,,.nc,14101708,
C96_GDAS_forcing_2016-12-29.nc,inputs,gdas,forcing,gdas,96,,.nc,14101708,
C96_GDAS_forcing_2016-11-13.nc,inputs,gdas,forcing,gdas,96,,.nc,14101708,
C96_GDAS_forcing_2016-05-21.nc,inputs,gdas,forcing,gdas,96,,.nc,14101708,
C96_GDAS_forcing_2016-04-02.nc,inputs,gdas,forcing,gdas,96,,.nc,14101708,
C96_GDAS_forcing_2016-07-30.nc,inputs,gdas,forcing,gdas,96,,.nc,14101708,
C96_GDAS_forcing_2016-10-03.nc,inputs,gdas,forcing,gdas,96,,.nc,14101708,
C96_GDAS_forcing_2016-09-10.nc,inputs,gdas,forcing,gdas,96,,.nc,14101708,
C96_GDAS_forcing_2016-08-23.nc,inputs,gdas,forcing,gdas,96,,.nc,14101708,
C96_GDAS_forcing_2016-05-03.nc,inputs,gdas,forcing,gdas,96,,.nc,14101708,
C96_GDAS_forcing_2016-01-11.nc,inputs,gdas,forcing,gdas,96,,.nc,14101708,
C96_GDAS_forcing_2016-11-09.nc,inputs,gdas,forcing,gdas,96,,.nc,14101708,
C96_GDAS_forcing_2016-11-22.nc,inputs,gdas,forcing,gdas,96,,.nc,14101708,
C96_GDAS_forcing_2016-11-15.nc,inputs,gdas,forcing,gdas,96,,.nc,14101708,
C96_GDAS_forcing_2016-08-17.nc,inputs,gdas,forcing,gdas,96,,.nc,14101708,
C96_GDAS_forcing_2016-08-30.nc,inputs,gdas,forcing,gdas,96,,.nc,14101708,
C96_GDAS_forcing_2016-09-12.nc,inputs,gdas,forcing,gdas,96,,.nc,14101708,
C96_GDAS_forcing_2016-10-25.nc,inputs,gdas,forcing,gdas,96,,.nc,14101708,
C96_GDAS_forcing_2016-03-11.nc,inputs,gdas,forcing,gdas,96,,.nc,14101708,
C96_GDAS_forcing_2016-03-16.nc,inputs,gdas,forcing,gdas,96,,.nc,14101708,
C96_GDAS_forcing_2016-07-01.nc,inputs,gdas,forcing,gdas,96,,.nc,14101708,
C96_GDAS_forcing_2016-05-12.nc,inputs,gdas,forcing,gdas,96,,.nc,14101708,
C96_GDAS_forcing_2016-07-21.nc,inputs,gdas,forcing,gdas,96,,.nc,14101708,
C96_GDAS_forcing_2016-02-12.nc,inputs,gdas,forcing,gdas,96,,.nc,14101708,
C96_GDAS_forcing_2016-03-25.nc,inputs,gdas,forcing,gdas,96,,.nc,14101708,
C96_GDAS_forcing_2016-06-10.nc,inputs,gdas,forcing,gdas,96,,.nc,14101708,
C96_GDAS_forcing_2016-04-12.nc,inputs,gdas,forcing,gdas,96,,.nc,14101708,
C96_GDAS_forcing_2016-01-18.nc,inputs,gdas,forcing,gdas,96,,.nc,14101708,
C96_GDAS_forcing_2016-05-01.nc,inputs,gdas,forcing,gdas,96,,.nc,14101708,
C96_GDAS_forcing_2016-04-29.nc,inputs,gdas,forcing,gdas,96,,.nc,14101708,
C96_GDAS_forcing_2016-08-04.nc,inputs,gdas,forcing,gdas,96,,.nc,14101708,
C96_GDAS_forcing_2016-04-09.nc,inputs,gdas,forcing,gdas,96,,.nc,14101708,
C96_GDAS_forcing_2016-10-27.nc,inputs,gdas,forcing,gdas,96,,.nc,14101708,
C96_GDAS_forcing_2016-11-06.nc,inputs,gdas,forcing,gdas,96,,.nc,14101708,
C96_GDAS_forcing_2016-08-16.nc,inputs,gdas,forcing,gdas,96,,.nc,14101708,
C96_GDAS_forcing_2016-03-13.nc,inputs,gdas,forcing,gdas,96,,.nc,14101708,
C96_GDAS_forcing_2016-03-26.nc,inputs,gdas,forcing,gdas,96,,.nc,14101708,
C96_GDAS_forcing_2016-12-16.nc,inputs,gdas,forcing,gdas,96,,.nc,14101708,
C96_GDAS_forcing_2016-06-08.nc,inputs,gdas,forcing,gdas,96,,.nc,14101708,
C96_GDAS_forcing_2016-08-27.nc,inputs,gdas,forcing,gdas,96,,.nc,14101708,
C96_GDAS_forcing_2016-05-28.nc,inputs,gdas,forcing,gdas,96,,.nc,14101708,
C96_GDAS_forcing_2016-05-18.nc,inputs,gdas,forcing,gdas,96,,.nc,14101708,
C96_GDAS_forcing_2016-06-26.nc,inputs,gdas,forcing,gdas,96,,.nc,14101708,
C96_GDAS_forcing_2016-05-20.nc,inputs,gdas,forcing,gdas,96,,.nc,14101708,
C96_GDAS_forcing_2016-08-11.nc,inputs,gdas,forcing,gdas,96,,.nc,14101708,
C96_GDAS_forcing_2016-10-06.nc,inputs,gdas,forcing,gdas,96,,.nc,14101708,
C96_GDAS_forcing_2016-09-24.nc,inputs,gdas,forcing,gdas,96,,.nc,14101708,
C96_GDAS_forcing_2016-07-10.nc,inputs,gdas,forcing,gdas,96,,.nc,14101708,
C96_GDAS_forcing_2016-01-20.nc,inputs,gdas,forcing,gdas,96,,.nc,14101708,
C96_GDAS_forcing_2016-02-14.nc,inputs,gdas,forcing,gdas,96,,.nc,14101708,
C96_GDAS_forcing_2016-04-04.nc,inputs,gdas,forcing,gdas,96,,.nc,14101708,
C96_GDAS_forcing_2016-07-20.nc,inputs,gdas,forcing,gdas,96,,.nc,14101708,
C96_GDAS_forcing_2016-05-04.nc,inputs,gdas,forcing,gdas,96,,.nc,14101708,
C96_GDAS_forcing_2016-04-24.nc,inputs,gdas,forcing,gdas,96,,.nc,14101708,
C96_GDAS_forcing_2016-05-08.nc,inputs,gdas,forcing,gdas,96,,.nc,14101708,
C96_GDAS_forcing_2016-04-30.nc,inputs,gdas,forcing,gdas,96,,.nc,14101708,
C96_GDAS_forcing_2016-12-26.nc,inputs,gdas,forcing,gdas,96,,.nc,14101708,
C96_GDAS_forcing_2016-08-25.nc,inputs,gdas,forcing,gdas,96,,.nc,14101708,
C96_GDAS_forcing_2016-10-21.nc,inputs,gdas,forcing,gdas,96,,.nc,14101708,
C96_GDAS_forcing_2016-06-12.nc,inputs,gdas,forcing,gdas,96,,.nc,14101708,
C96_GDAS_forcing_2016-06-13.nc,inputs,gdas,forcing,gdas,96,,.nc,14101708,
C96_GDAS_forcing_2016-04-06.nc,inputs,gdas,forcing,gdas,96,,.nc,14101708,
C96_GDAS_forcing_2016-03-06.nc,inputs,gdas,forcing,gdas,96,,.nc,14101708,
C96_GDAS_forcing_2016-03-08.nc,inputs,gdas,forcing,gdas,96,,.nc,14101708,
C96_GDAS_forcing_2016-05-19.nc,inputs,gdas,forcing,gdas,96,,.nc,14101708,
C96_GDAS_forcing_2016-04-28.nc,inputs,gdas,forcing,gdas,96,,.nc,14101708,
C96_GDAS_forcing_2016-12-18.nc,inputs,gdas,forcing,gdas,96,,.nc,14101708,
C96_GDAS_forcing_2016-11-30.nc,inputs,gdas,forcing,gdas,96,,.nc,14101708,
C96_GDAS_forcing_2016-06-03.nc,inputs,gdas,forcing,gdas,96,,.nc,14101708,
C96_GDAS_forcing_2016-09-25.nc,inputs,gdas,forcing,gdas,96,,.nc,14101708,
C96_GDAS_forcing_2016-06-25.nc,inputs,gdas,forcing,gdas,96,,.nc,14101708,
C96_GDAS_forcing_2016-10-26.nc,inputs,gdas,forcing,gdas,96,,.nc,14101708,
C96_GDAS_forcing_2016-01-30.nc,inputs,gdas,forcing,gdas,96,,.nc,14101708,
C96_GDAS_forcing_2016-08-09.nc,inputs,gdas,forcing,gdas,96,,.nc,14101708,
C96_GDAS_forcing_2016-10-04.nc,inputs,gdas,forcing,gdas,96,,.nc,14101708,
C96_GDAS_forcing_2016-09-21.nc,inputs,gdas,forcing,gdas,96,,.nc,14101708,
C96_GDAS_forcing_2016-12-13.nc,inputs,gdas,forcing,gdas,96,,.nc,14101708,
C96_GDAS_forcing_2016-12-11.nc,inputs,gdas,forcing,gdas,96,,.nc,14101708,
C96_GDAS_forcing_2016-05-17.nc,inputs,gdas,forcing,gdas,96,,.nc,14101708,
C96_GDAS_forcing_2016-10-09.nc,inputs,gdas,forcing,gdas,96,,.nc,14101708,
C96_GDAS_forcing_2016-03-17.nc,inputs,gdas,forcing,gdas,96,,.nc,14101708,
C96_GDAS_forcing_2016-06-20.nc,inputs,gdas,forcing,gdas,96,,.nc,14101708,
C96_GDAS_forcing_2016-05-06.nc,inputs,gdas,forcing,gdas,96,,.nc,14101708,
C96_GDAS_forcing_2016-12-24.nc,inputs,gdas,forcing,gdas,96,,.nc,14101708,
C96_GDAS_forcing_2016-03-23.nc,inputs,gdas,forcing,gdas,96,,.nc,14101708,
C96_GDAS_forcing_2016-10-23.nc,inputs,gdas,forcing,gdas,96,,.nc,14101708,
C96_GDAS_forcing_2016-09-06.nc,inputs,gdas,forcing,gdas,96,,.nc,14101708,
C96_GDAS_forcing_2016-07-23.nc,inputs,gdas,forcing,gdas,96,,.nc,14101708,
C96_GDAS_forcing_2016-08-29.nc,inputs,gdas,forcing,gdas,96,,.nc,14101708,
C96_GDAS_forcing_2016-01-03.nc,inputs,gdas,forcing,gdas,96,,.nc,14101708,
C96_GDAS_forcing_2016-07-16.nc,inputs,gdas,forcing,gdas,96,,.nc,14101708,
C96_GDAS_forcing_2016-10-07.nc,inputs,gdas,forcing,gdas,96,,.nc,14101708,
C96_GDAS_forcing_2016-12-23.nc,inputs,gdas,forcing,gdas,96,,.nc,14101708,
C96_GDAS_forcing_2016-06-30.nc,inputs,gdas,forcing,gdas,96,,.nc,14101708,
C96_GDAS_forcing_2016-12-22.nc,inputs,gdas,forcing,gdas,96,,.nc,14101708,
C96_GDAS_forcing_2016-07-15.nc,inputs,gdas,forcing,gdas,96,,.nc,14101708,
C96_GDAS_forcing_2016-10-29.nc,inputs,gdas,forcing,gdas,96,,.nc,14101708,
C96_GDAS_forcing_2016-11-28.nc,inputs,gdas,forcing,gdas,96,,.nc,14101708,
C96_GDAS_forcing_2016-04-15.nc,inputs,gdas,forcing,gdas,96,,.nc,14101708,
C96_GDAS_forcing_2016-09-13.nc,inputs,gdas,forcing,gdas,96,,.nc,14101708,
C96_GDAS_forcing_2016-10-15.nc,inputs,gdas,forcing,gdas,96,,.nc,14101708,
C96_GDAS_forcing_2016-07-25.nc,inputs,gdas,forcing,gdas,96,,.nc,14101708,
C96_GDAS_forcing_2016-03-31.nc,inputs,gdas,forcing,gdas,96,,.nc,14101708,
C96_GDAS_forcing_2016-04-08.nc,inputs,gdas,forcing,gdas,96,,.nc,14101708,
C96_GDAS_forcing_2016-06-19.nc,inputs,gdas,forcing,gdas,96,,.nc,14101708,
C96_GDAS_forcing_2016-10-08.nc,inputs,gdas,forcing,gdas,96,,.nc,14101708,
C96_GDAS_forcing_2016-03-09.nc,inputs,gdas,forcing,gdas,96,,.nc,14101708,
C96_GDAS_forcing_2016-12-31.nc,inputs,gdas,forcing,gdas,96,,.nc,14101708,
C96_GDAS_forcing_2016-07-14.nc,inputs,gdas,forcing,gdas,96,,.nc,14101708,
C96_GDAS_forcing_2016-04-19.nc,inputs,gdas,forcing,gdas,96,,.nc,14101708,
C96_GDAS_forcing_2016-09-22.nc,inputs,gdas,forcing,gdas,96,,.nc,14101708,
C96_GDAS_forcing_2016-09-11.nc,inputs,gdas,forcing,gdas,96,,.nc,14101708,
C96_GDAS_forcing_2016-11-29.nc,inputs,gdas,forcing,gdas,96,,.nc,14101708,
ufs-land_C96_static_fields.nc,inputs,gdas,forcing,static,96,,.nc,8009852,
ghcn_snwd_ioda_20160621.nc,inputs,snow_depth,DA,GHCN,,,.nc,695364,2016
ghcn_snwd_ioda_20161007.nc,inputs,snow_depth,DA,GHCN,,,.nc,755291,2016
ghcn_snwd_ioda_20161125.nc,inputs,snow_depth,DA,GHCN,,,.nc,839587,2016
ghcn_snwd_ioda_20160326.nc,inputs,snow_depth,DA,GHCN,,,.nc,861728,2016
ghcn_snwd_ioda_20160506.nc,inputs,snow_depth,DA,GHCN,,,.nc,716990,2016
ghcn_snwd_ioda_20160105.nc,inputs,snow_depth,DA,GHCN,,,.nc,963589,2016
ghcn_snwd_ioda_20160513.nc,inputs,snow_depth,DA,GHCN,,,.nc,715515,2016
ghcn_snwd_ioda_20160516.nc,inputs,snow_depth,DA,GHCN,,,.nc,717030,2016
ghcn_snwd_ioda_20160609.nc,inputs,snow_depth,DA,GHCN,,,.nc,712891,2016
ghcn_snwd_ioda_20161119.nc,inputs,snow_depth,DA,GHCN,,,.nc,845074,2016
ghcn_snwd_ioda_20160521.nc,inputs,snow_depth,DA,GHCN,,,.nc,674501,2016
ghcn_snwd_ioda_20160522.nc,inputs,snow_depth,DA,GHCN,,,.nc,674177,2016
ghcn_snwd_ioda_20160823.nc,inputs,snow_depth,DA,GHCN,,,.nc,713064,2016
ghcn_snwd_ioda_20160222.nc,inputs,snow_depth,DA,GHCN,,,.nc,918089,2016
ghcn_snwd_ioda_20161128.nc,inputs,snow_depth,DA,GHCN,,,.nc,881049,2016
ghcn_snwd_ioda_20160303.nc,inputs,snow_depth,DA,GHCN,,,.nc,926166,2016
ghcn_snwd_ioda_20160520.nc,inputs,snow_depth,DA,GHCN,,,.nc,697094,2016
ghcn_snwd_ioda_20161023.nc,inputs,snow_depth,DA,GHCN,,,.nc,756747,2016
ghcn_snwd_ioda_20161011.nc,inputs,snow_depth,DA,GHCN,,,.nc,756760,2016
ghcn_snwd_ioda_20161201.nc,inputs,snow_depth,DA,GHCN,,,.nc,879992,2016
ghcn_snwd_ioda_20160930.nc,inputs,snow_depth,DA,GHCN,,,.nc,712666,2016
ghcn_snwd_ioda_20161019.nc,inputs,snow_depth,DA,GHCN,,,.nc,767077,2016
ghcn_snwd_ioda_20161222.nc,inputs,snow_depth,DA,GHCN,,,.nc,921190,2016
ghcn_snwd_ioda_20160512.nc,inputs,snow_depth,DA,GHCN,,,.nc,715103,2016
ghcn_snwd_ioda_20160802.nc,inputs,snow_depth,DA,GHCN,,,.nc,713632,2016
ghcn_snwd_ioda_20160821.nc,inputs,snow_depth,DA,GHCN,,,.nc,695679,2016
ghcn_snwd_ioda_20160529.nc,inputs,snow_depth,DA,GHCN,,,.nc,656576,2016
ghcn_snwd_ioda_20160308.nc,inputs,snow_depth,DA,GHCN,,,.nc,916328,2016
ghcn_snwd_ioda_20160611.nc,inputs,snow_depth,DA,GHCN,,,.nc,710996,2016
ghcn_snwd_ioda_20160225.nc,inputs,snow_depth,DA,GHCN,,,.nc,921189,2016
ghcn_snwd_ioda_20160126.nc,inputs,snow_depth,DA,GHCN,,,.nc,970721,2016
ghcn_snwd_ioda_20161103.nc,inputs,snow_depth,DA,GHCN,,,.nc,796878,2016
ghcn_snwd_ioda_20160502.nc,inputs,snow_depth,DA,GHCN,,,.nc,757451,2016
ghcn_snwd_ioda_20160216.nc,inputs,snow_depth,DA,GHCN,,,.nc,945750,2016
ghcn_snwd_ioda_20160412.nc,inputs,snow_depth,DA,GHCN,,,.nc,837690,2016
ghcn_snwd_ioda_20161104.nc,inputs,snow_depth,DA,GHCN,,,.nc,797195,2016
ghcn_snwd_ioda_20160910.nc,inputs,snow_depth,DA,GHCN,,,.nc,709787,2016
ghcn_snwd_ioda_20160604.nc,inputs,snow_depth,DA,GHCN,,,.nc,695242,2016
ghcn_snwd_ioda_20161017.nc,inputs,snow_depth,DA,GHCN,,,.nc,762034,2016
ghcn_snwd_ioda_20160115.nc,inputs,snow_depth,DA,GHCN,,,.nc,945402,2016
ghcn_snwd_ioda_20160714.nc,inputs,snow_depth,DA,GHCN,,,.nc,712872,2016
ghcn_snwd_ioda_20160423.nc,inputs,snow_depth,DA,GHCN,,,.nc,758067,2016
ghcn_snwd_ioda_20161026.nc,inputs,snow_depth,DA,GHCN,,,.nc,772073,2016
ghcn_snwd_ioda_20160128.nc,inputs,snow_depth,DA,GHCN,,,.nc,943293,2016
ghcn_snwd_ioda_20160318.nc,inputs,snow_depth,DA,GHCN,,,.nc,915502,2016
ghcn_snwd_ioda_20160221.nc,inputs,snow_depth,DA,GHCN,,,.nc,880138,2016
ghcn_snwd_ioda_20160901.nc,inputs,snow_depth,DA,GHCN,,,.nc,712524,2016
ghcn_snwd_ioda_20160330.nc,inputs,snow_depth,DA,GHCN,,,.nc,846050,2016
ghcn_snwd_ioda_20160316.nc,inputs,snow_depth,DA,GHCN,,,.nc,879372,2016
ghcn_snwd_ioda_20161130.nc,inputs,snow_depth,DA,GHCN,,,.nc,879900,2016
ghcn_snwd_ioda_20160720.nc,inputs,snow_depth,DA,GHCN,,,.nc,712542,2016
ghcn_snwd_ioda_20160109.nc,inputs,snow_depth,DA,GHCN,,,.nc,945469,2016
ghcn_snwd_ioda_20160515.nc,inputs,snow_depth,DA,GHCN,,,.nc,696962,2016
ghcn_snwd_ioda_20160325.nc,inputs,snow_depth,DA,GHCN,,,.nc,880690,2016
ghcn_snwd_ioda_20160204.nc,inputs,snow_depth,DA,GHCN,,,.nc,933324,2016
ghcn_snwd_ioda_20160203.nc,inputs,snow_depth,DA,GHCN,,,.nc,944903,2016
ghcn_snwd_ioda_20160622.nc,inputs,snow_depth,DA,GHCN,,,.nc,695696,2016
ghcn_snwd_ioda_20160104.nc,inputs,snow_depth,DA,GHCN,,,.nc,965071,2016
ghcn_snwd_ioda_20160616.nc,inputs,snow_depth,DA,GHCN,,,.nc,712738,2016
ghcn_snwd_ioda_20160405.nc,inputs,snow_depth,DA,GHCN,,,.nc,877870,2016
ghcn_snwd_ioda_20160702.nc,inputs,snow_depth,DA,GHCN,,,.nc,695202,2016
ghcn_snwd_ioda_20161118.nc,inputs,snow_depth,DA,GHCN,,,.nc,860341,2016
ghcn_snwd_ioda_20161018.nc,inputs,snow_depth,DA,GHCN,,,.nc,761881,2016
ghcn_snwd_ioda_20160722.nc,inputs,snow_depth,DA,GHCN,,,.nc,712581,2016
ghcn_snwd_ioda_20160517.nc,inputs,snow_depth,DA,GHCN,,,.nc,715700,2016
ghcn_snwd_ioda_20160117.nc,inputs,snow_depth,DA,GHCN,,,.nc,944365,2016
ghcn_snwd_ioda_20160207.nc,inputs,snow_depth,DA,GHCN,,,.nc,918572,2016
ghcn_snwd_ioda_20160612.nc,inputs,snow_depth,DA,GHCN,,,.nc,710884,2016
ghcn_snwd_ioda_20161112.nc,inputs,snow_depth,DA,GHCN,,,.nc,797123,2016
ghcn_snwd_ioda_20161109.nc,inputs,snow_depth,DA,GHCN,,,.nc,798379,2016
ghcn_snwd_ioda_20160507.nc,inputs,snow_depth,DA,GHCN,,,.nc,715215,2016
ghcn_snwd_ioda_20160229.nc,inputs,snow_depth,DA,GHCN,,,.nc,916694,2016
ghcn_snwd_ioda_20160110.nc,inputs,snow_depth,DA,GHCN,,,.nc,962848,2016
ghcn_snwd_ioda_20160624.nc,inputs,snow_depth,DA,GHCN,,,.nc,695186,2016
ghcn_snwd_ioda_20160907.nc,inputs,snow_depth,DA,GHCN,,,.nc,695781,2016
ghcn_snwd_ioda_20160408.nc,inputs,snow_depth,DA,GHCN,,,.nc,850608,2016
ghcn_snwd_ioda_20160724.nc,inputs,snow_depth,DA,GHCN,,,.nc,695058,2016
ghcn_snwd_ioda_20160510.nc,inputs,snow_depth,DA,GHCN,,,.nc,717782,2016
ghcn_snwd_ioda_20160329.nc,inputs,snow_depth,DA,GHCN,,,.nc,851371,2016
ghcn_snwd_ioda_20160623.nc,inputs,snow_depth,DA,GHCN,,,.nc,695725,2016
ghcn_snwd_ioda_20160219.nc,inputs,snow_depth,DA,GHCN,,,.nc,919031,2016
ghcn_snwd_ioda_20160429.nc,inputs,snow_depth,DA,GHCN,,,.nc,774368,2016
ghcn_snwd_ioda_20161021.nc,inputs,snow_depth,DA,GHCN,,,.nc,762591,2016
ghcn_snwd_ioda_20160107.nc,inputs,snow_depth,DA,GHCN,,,.nc,944583,2016
ghcn_snwd_ioda_20160918.nc,inputs,snow_depth,DA,GHCN,,,.nc,710753,2016
ghcn_snwd_ioda_20161229.nc,inputs,snow_depth,DA,GHCN,,,.nc,919124,2016
ghcn_snwd_ioda_20160416.nc,inputs,snow_depth,DA,GHCN,,,.nc,819329,2016
ghcn_snwd_ioda_20160816.nc,inputs,snow_depth,DA,GHCN,,,.nc,713289,2016
ghcn_snwd_ioda_20160406.nc,inputs,snow_depth,DA,GHCN,,,.nc,850909,2016
ghcn_snwd_ioda_20160915.nc,inputs,snow_depth,DA,GHCN,,,.nc,695556,2016
ghcn_snwd_ioda_20160626.nc,inputs,snow_depth,DA,GHCN,,,.nc,694502,2016
ghcn_snwd_ioda_20160828.nc,inputs,snow_depth,DA,GHCN,,,.nc,695289,2016
ghcn_snwd_ioda_20160315.nc,inputs,snow_depth,DA,GHCN,,,.nc,881373,2016
ghcn_snwd_ioda_20161025.nc,inputs,snow_depth,DA,GHCN,,,.nc,766893,2016
ghcn_snwd_ioda_20160917.nc,inputs,snow_depth,DA,GHCN,,,.nc,710410,2016
ghcn_snwd_ioda_20161111.nc,inputs,snow_depth,DA,GHCN,,,.nc,797421,2016
ghcn_snwd_ioda_20160708.nc,inputs,snow_depth,DA,GHCN,,,.nc,713034,2016
ghcn_snwd_ioda_20161014.nc,inputs,snow_depth,DA,GHCN,,,.nc,756337,2016
ghcn_snwd_ioda_20160701.nc,inputs,snow_depth,DA,GHCN,,,.nc,712665,2016
ghcn_snwd_ioda_20160530.nc,inputs,snow_depth,DA,GHCN,,,.nc,673739,2016
ghcn_snwd_ioda_20160131.nc,inputs,snow_depth,DA,GHCN,,,.nc,928552,2016
ghcn_snwd_ioda_20160726.nc,inputs,snow_depth,DA,GHCN,,,.nc,712835,2016
ghcn_snwd_ioda_20160122.nc,inputs,snow_depth,DA,GHCN,,,.nc,1004356,2016
ghcn_snwd_ioda_20160307.nc,inputs,snow_depth,DA,GHCN,,,.nc,919614,2016
ghcn_snwd_ioda_20161205.nc,inputs,snow_depth,DA,GHCN,,,.nc,1327580,2016
ghcn_snwd_ioda_20161213.nc,inputs,snow_depth,DA,GHCN,,,.nc,1327344,2016
ghcn_snwd_ioda_20161015.nc,inputs,snow_depth,DA,GHCN,,,.nc,754438,2016
ghcn_snwd_ioda_20161207.nc,inputs,snow_depth,DA,GHCN,,,.nc,1326796,2016
ghcn_snwd_ioda_20160124.nc,inputs,snow_depth,DA,GHCN,,,.nc,1005729,2016
ghcn_snwd_ioda_20161029.nc,inputs,snow_depth,DA,GHCN,,,.nc,762114,2016
ghcn_snwd_ioda_20161211.nc,inputs,snow_depth,DA,GHCN,,,.nc,1328302,2016
ghcn_snwd_ioda_20160418.nc,inputs,snow_depth,DA,GHCN,,,.nc,837250,2016
ghcn_snwd_ioda_20160119.nc,inputs,snow_depth,DA,GHCN,,,.nc,965473,2016
ghcn_snwd_ioda_20161228.nc,inputs,snow_depth,DA,GHCN,,,.nc,918312,2016
ghcn_snwd_ioda_20161225.nc,inputs,snow_depth,DA,GHCN,,,.nc,919187,2016
ghcn_snwd_ioda_20160810.nc,inputs,snow_depth,DA,GHCN,,,.nc,713709,2016
ghcn_snwd_ioda_20160620.nc,inputs,snow_depth,DA,GHCN,,,.nc,695680,2016
ghcn_snwd_ioda_20160420.nc,inputs,snow_depth,DA,GHCN,,,.nc,804043,2016
ghcn_snwd_ioda_20160929.nc,inputs,snow_depth,DA,GHCN,,,.nc,695961,2016
ghcn_snwd_ioda_20161107.nc,inputs,snow_depth,DA,GHCN,,,.nc,803093,2016
ghcn_snwd_ioda_20160818.nc,inputs,snow_depth,DA,GHCN,,,.nc,713414,2016
ghcn_snwd_ioda_20160606.nc,inputs,snow_depth,DA,GHCN,,,.nc,713762,2016
ghcn_snwd_ioda_20160118.nc,inputs,snow_depth,DA,GHCN,,,.nc,985706,2016
ghcn_snwd_ioda_20161016.nc,inputs,snow_depth,DA,GHCN,,,.nc,754510,2016
ghcn_snwd_ioda_20160920.nc,inputs,snow_depth,DA,GHCN,,,.nc,696029,2016
ghcn_snwd_ioda_20160129.nc,inputs,snow_depth,DA,GHCN,,,.nc,942798,2016
ghcn_snwd_ioda_20160304.nc,inputs,snow_depth,DA,GHCN,,,.nc,942086,2016
ghcn_snwd_ioda_20160407.nc,inputs,snow_depth,DA,GHCN,,,.nc,845858,2016
ghcn_snwd_ioda_20161005.nc,inputs,snow_depth,DA,GHCN,,,.nc,754413,2016
ghcn_snwd_ioda_20160709.nc,inputs,snow_depth,DA,GHCN,,,.nc,695137,2016
ghcn_snwd_ioda_20160523.nc,inputs,snow_depth,DA,GHCN,,,.nc,675799,2016
ghcn_snwd_ioda_20160731.nc,inputs,snow_depth,DA,GHCN,,,.nc,710591,2016
ghcn_snwd_ioda_20161101.nc,inputs,snow_depth,DA,GHCN,,,.nc,787936,2016
ghcn_snwd_ioda_20160921.nc,inputs,snow_depth,DA,GHCN,,,.nc,695921,2016
ghcn_snwd_ioda_20160922.nc,inputs,snow_depth,DA,GHCN,,,.nc,695891,2016
ghcn_snwd_ioda_20160526.nc,inputs,snow_depth,DA,GHCN,,,.nc,674771,2016
ghcn_snwd_ioda_20161230.nc,inputs,snow_depth,DA,GHCN,,,.nc,921681,2016
ghcn_snwd_ioda_20161208.nc,inputs,snow_depth,DA,GHCN,,,.nc,926423,2016
ghcn_snwd_ioda_20161012.nc,inputs,snow_depth,DA,GHCN,,,.nc,756750,2016
ghcn_snwd_ioda_20160524.nc,inputs,snow_depth,DA,GHCN,,,.nc,675899,2016
ghcn_snwd_ioda_20160125.nc,inputs,snow_depth,DA,GHCN,,,.nc,1005756,2016
ghcn_snwd_ioda_20160425.nc,inputs,snow_depth,DA,GHCN,,,.nc,769626,2016
ghcn_snwd_ioda_20160505.nc,inputs,snow_depth,DA,GHCN,,,.nc,717694,2016
ghcn_snwd_ioda_20160711.nc,inputs,snow_depth,DA,GHCN,,,.nc,713685,2016
ghcn_snwd_ioda_20160310.nc,inputs,snow_depth,DA,GHCN,,,.nc,880234,2016
ghcn_snwd_ioda_20160808.nc,inputs,snow_depth,DA,GHCN,,,.nc,714235,2016
ghcn_snwd_ioda_20160903.nc,inputs,snow_depth,DA,GHCN,,,.nc,710196,2016
ghcn_snwd_ioda_20160707.nc,inputs,snow_depth,DA,GHCN,,,.nc,713267,2016
ghcn_snwd_ioda_20160309.nc,inputs,snow_depth,DA,GHCN,,,.nc,881233,2016
ghcn_snwd_ioda_20160804.nc,inputs,snow_depth,DA,GHCN,,,.nc,713243,2016
ghcn_snwd_ioda_20160727.nc,inputs,snow_depth,DA,GHCN,,,.nc,712836,2016
ghcn_snwd_ioda_20160912.nc,inputs,snow_depth,DA,GHCN,,,.nc,695434,2016
ghcn_snwd_ioda_20160313.nc,inputs,snow_depth,DA,GHCN,,,.nc,851338,2016
ghcn_snwd_ioda_20161117.nc,inputs,snow_depth,DA,GHCN,,,.nc,836725,2016
ghcn_snwd_ioda_20160427.nc,inputs,snow_depth,DA,GHCN,,,.nc,775083,2016
ghcn_snwd_ioda_20160305.nc,inputs,snow_depth,DA,GHCN,,,.nc,918448,2016
ghcn_snwd_ioda_20160528.nc,inputs,snow_depth,DA,GHCN,,,.nc,657029,2016
ghcn_snwd_ioda_20160906.nc,inputs,snow_depth,DA,GHCN,,,.nc,695766,2016
ghcn_snwd_ioda_20160301.nc,inputs,snow_depth,DA,GHCN,,,.nc,920321,2016
ghcn_snwd_ioda_20160812.nc,inputs,snow_depth,DA,GHCN,,,.nc,713260,2016
ghcn_snwd_ioda_20160710.nc,inputs,snow_depth,DA,GHCN,,,.nc,695023,2016
ghcn_snwd_ioda_20160322.nc,inputs,snow_depth,DA,GHCN,,,.nc,879210,2016
ghcn_snwd_ioda_20160827.nc,inputs,snow_depth,DA,GHCN,,,.nc,695196,2016
ghcn_snwd_ioda_20160914.nc,inputs,snow_depth,DA,GHCN,,,.nc,695455,2016
ghcn_snwd_ioda_20160108.nc,inputs,snow_depth,DA,GHCN,,,.nc,963156,2016
ghcn_snwd_ioda_20160411.nc,inputs,snow_depth,DA,GHCN,,,.nc,850398,2016
ghcn_snwd_ioda_20160508.nc,inputs,snow_depth,DA,GHCN,,,.nc,715264,2016
ghcn_snwd_ioda_20160424.nc,inputs,snow_depth,DA,GHCN,,,.nc,757781,2016
ghcn_snwd_ioda_20160112.nc,inputs,snow_depth,DA,GHCN,,,.nc,963605,2016
ghcn_snwd_ioda_20161224.nc,inputs,snow_depth,DA,GHCN,,,.nc,919309,2016
ghcn_snwd_ioda_20161004.nc,inputs,snow_depth,DA,GHCN,,,.nc,752995,2016
ghcn_snwd_ioda_20160602.nc,inputs,snow_depth,DA,GHCN,,,.nc,714168,2016
ghcn_snwd_ioda_20160317.nc,inputs,snow_depth,DA,GHCN,,,.nc,879278,2016
ghcn_snwd_ioda_20160327.nc,inputs,snow_depth,DA,GHCN,,,.nc,851320,2016
ghcn_snwd_ioda_20161001.nc,inputs,snow_depth,DA,GHCN,,,.nc,750356,2016
ghcn_snwd_ioda_20160501.nc,inputs,snow_depth,DA,GHCN,,,.nc,757051,2016
ghcn_snwd_ioda_20160608.nc,inputs,snow_depth,DA,GHCN,,,.nc,712860,2016
ghcn_snwd_ioda_20160723.nc,inputs,snow_depth,DA,GHCN,,,.nc,710734,2016
ghcn_snwd_ioda_20161204.nc,inputs,snow_depth,DA,GHCN,,,.nc,880281,2016
ghcn_snwd_ioda_20160414.nc,inputs,snow_depth,DA,GHCN,,,.nc,819225,2016
ghcn_snwd_ioda_20160205.nc,inputs,snow_depth,DA,GHCN,,,.nc,943040,2016
ghcn_snwd_ioda_20160217.nc,inputs,snow_depth,DA,GHCN,,,.nc,928004,2016
ghcn_snwd_ioda_20160713.nc,inputs,snow_depth,DA,GHCN,,,.nc,713070,2016
ghcn_snwd_ioda_20160319.nc,inputs,snow_depth,DA,GHCN,,,.nc,880551,2016
ghcn_snwd_ioda_20160913.nc,inputs,snow_depth,DA,GHCN,,,.nc,695493,2016
ghcn_snwd_ioda_20160106.nc,inputs,snow_depth,DA,GHCN,,,.nc,943438,2016
ghcn_snwd_ioda_20161106.nc,inputs,snow_depth,DA,GHCN,,,.nc,787894,2016
ghcn_snwd_ioda_20160817.nc,inputs,snow_depth,DA,GHCN,,,.nc,713523,2016
ghcn_snwd_ioda_20160227.nc,inputs,snow_depth,DA,GHCN,,,.nc,879832,2016
ghcn_snwd_ioda_20160820.nc,inputs,snow_depth,DA,GHCN,,,.nc,695771,2016
ghcn_snwd_ioda_20160210.nc,inputs,snow_depth,DA,GHCN,,,.nc,965923,2016
ghcn_snwd_ioda_20160314.nc,inputs,snow_depth,DA,GHCN,,,.nc,881243,2016
ghcn_snwd_ioda_20161010.nc,inputs,snow_depth,DA,GHCN,,,.nc,754747,2016
ghcn_snwd_ioda_20160320.nc,inputs,snow_depth,DA,GHCN,,,.nc,879233,2016
ghcn_snwd_ioda_20161202.nc,inputs,snow_depth,DA,GHCN,,,.nc,878057,2016
ghcn_snwd_ioda_20160211.nc,inputs,snow_depth,DA,GHCN,,,.nc,944767,2016
ghcn_snwd_ioda_20161008.nc,inputs,snow_depth,DA,GHCN,,,.nc,752659,2016
ghcn_snwd_ioda_20160603.nc,inputs,snow_depth,DA,GHCN,,,.nc,713270,2016
ghcn_snwd_ioda_20160123.nc,inputs,snow_depth,DA,GHCN,,,.nc,1013001,2016
ghcn_snwd_ioda_20160928.nc,inputs,snow_depth,DA,GHCN,,,.nc,695954,2016
ghcn_snwd_ioda_20160813.nc,inputs,snow_depth,DA,GHCN,,,.nc,695385,2016
ghcn_snwd_ioda_20160417.nc,inputs,snow_depth,DA,GHCN,,,.nc,820667,2016
ghcn_snwd_ioda_20161214.nc,inputs,snow_depth,DA,GHCN,,,.nc,1327914,2016
ghcn_snwd_ioda_20160607.nc,inputs,snow_depth,DA,GHCN,,,.nc,713050,2016
ghcn_snwd_ioda_20160328.nc,inputs,snow_depth,DA,GHCN,,,.nc,861556,2016
ghcn_snwd_ioda_20160629.nc,inputs,snow_depth,DA,GHCN,,,.nc,695180,2016
ghcn_snwd_ioda_20160805.nc,inputs,snow_depth,DA,GHCN,,,.nc,713149,2016
ghcn_snwd_ioda_20160617.nc,inputs,snow_depth,DA,GHCN,,,.nc,695617,2016
ghcn_snwd_ioda_20161218.nc,inputs,snow_depth,DA,GHCN,,,.nc,1351216,2016
ghcn_snwd_ioda_20160721.nc,inputs,snow_depth,DA,GHCN,,,.nc,712356,2016
ghcn_snwd_ioda_20160728.nc,inputs,snow_depth,DA,GHCN,,,.nc,712631,2016
ghcn_snwd_ioda_20161120.nc,inputs,snow_depth,DA,GHCN,,,.nc,860157,2016
ghcn_snwd_ioda_20161009.nc,inputs,snow_depth,DA,GHCN,,,.nc,752595,2016
ghcn_snwd_ioda_20161123.nc,inputs,snow_depth,DA,GHCN,,,.nc,839337,2016
ghcn_snwd_ioda_20161028.nc,inputs,snow_depth,DA,GHCN,,,.nc,777753,2016
ghcn_snwd_ioda_20160725.nc,inputs,snow_depth,DA,GHCN,,,.nc,713258,2016
ghcn_snwd_ioda_20160803.nc,inputs,snow_depth,DA,GHCN,,,.nc,713288,2016
ghcn_snwd_ioda_20160815.nc,inputs,snow_depth,DA,GHCN,,,.nc,713939,2016
ghcn_snwd_ioda_20160212.nc,inputs,snow_depth,DA,GHCN,,,.nc,934316,2016
ghcn_snwd_ioda_20161227.nc,inputs,snow_depth,DA,GHCN,,,.nc,919906,2016
ghcn_snwd_ioda_20161114.nc,inputs,snow_depth,DA,GHCN,,,.nc,803189,2016
ghcn_snwd_ioda_20160323.nc,inputs,snow_depth,DA,GHCN,,,.nc,852144,2016
ghcn_snwd_ioda_20160909.nc,inputs,snow_depth,DA,GHCN,,,.nc,695224,2016
ghcn_snwd_ioda_20160419.nc,inputs,snow_depth,DA,GHCN,,,.nc,818677,2016
ghcn_snwd_ioda_20160811.nc,inputs,snow_depth,DA,GHCN,,,.nc,713505,2016
ghcn_snwd_ioda_20160829.nc,inputs,snow_depth,DA,GHCN,,,.nc,713967,2016
ghcn_snwd_ioda_20160627.nc,inputs,snow_depth,DA,GHCN,,,.nc,695903,2016
ghcn_snwd_ioda_20160927.nc,inputs,snow_depth,DA,GHCN,,,.nc,712748,2016
ghcn_snwd_ioda_20160905.nc,inputs,snow_depth,DA,GHCN,,,.nc,694530,2016
ghcn_snwd_ioda_20160904.nc,inputs,snow_depth,DA,GHCN,,,.nc,710209,2016
ghcn_snwd_ioda_20160103.nc,inputs,snow_depth,DA,GHCN,,,.nc,927421,2016
ghcn_snwd_ioda_20160730.nc,inputs,snow_depth,DA,GHCN,,,.nc,710182,2016
ghcn_snwd_ioda_20160705.nc,inputs,snow_depth,DA,GHCN,,,.nc,713085,2016
ghcn_snwd_ioda_20160101.nc,inputs,snow_depth,DA,GHCN,,,.nc,926982,2016
ghcn_snwd_ioda_20161002.nc,inputs,snow_depth,DA,GHCN,,,.nc,750390,2016
ghcn_snwd_ioda_20161217.nc,inputs,snow_depth,DA,GHCN,,,.nc,1350709,2016
ghcn_snwd_ioda_20160409.nc,inputs,snow_depth,DA,GHCN,,,.nc,851051,2016
ghcn_snwd_ioda_20160605.nc,inputs,snow_depth,DA,GHCN,,,.nc,695654,2016
ghcn_snwd_ioda_20160331.nc,inputs,snow_depth,DA,GHCN,,,.nc,850936,2016
ghcn_snwd_ioda_20160116.nc,inputs,snow_depth,DA,GHCN,,,.nc,933557,2016
ghcn_snwd_ioda_20160519.nc,inputs,snow_depth,DA,GHCN,,,.nc,714208,2016
ghcn_snwd_ioda_20161122.nc,inputs,snow_depth,DA,GHCN,,,.nc,860466,2016
ghcn_snwd_ioda_20160916.nc,inputs,snow_depth,DA,GHCN,,,.nc,695928,2016
ghcn_snwd_ioda_20160716.nc,inputs,snow_depth,DA,GHCN,,,.nc,694656,2016
ghcn_snwd_ioda_20161127.nc,inputs,snow_depth,DA,GHCN,,,.nc,845203,2016
ghcn_snwd_ioda_20160527.nc,inputs,snow_depth,DA,GHCN,,,.nc,675088,2016
ghcn_snwd_ioda_20160121.nc,inputs,snow_depth,DA,GHCN,,,.nc,1006764,2016
ghcn_snwd_ioda_20160518.nc,inputs,snow_depth,DA,GHCN,,,.nc,714304,2016
ghcn_snwd_ioda_20160807.nc,inputs,snow_depth,DA,GHCN,,,.nc,695651,2016
ghcn_snwd_ioda_20161212.nc,inputs,snow_depth,DA,GHCN,,,.nc,1335628,2016
ghcn_snwd_ioda_20161022.nc,inputs,snow_depth,DA,GHCN,,,.nc,756291,2016
ghcn_snwd_ioda_20160324.nc,inputs,snow_depth,DA,GHCN,,,.nc,917933,2016
ghcn_snwd_ioda_20160628.nc,inputs,snow_depth,DA,GHCN,,,.nc,695500,2016
ghcn_snwd_ioda_20160202.nc,inputs,snow_depth,DA,GHCN,,,.nc,963013,2016
ghcn_snwd_ioda_20160531.nc,inputs,snow_depth,DA,GHCN,,,.nc,676760,2016
ghcn_snwd_ioda_20160127.nc,inputs,snow_depth,DA,GHCN,,,.nc,950480,2016
ghcn_snwd_ioda_20161206.nc,inputs,snow_depth,DA,GHCN,,,.nc,920025,2016
ghcn_snwd_ioda_20161126.nc,inputs,snow_depth,DA,GHCN,,,.nc,838720,2016
ghcn_snwd_ioda_20160218.nc,inputs,snow_depth,DA,GHCN,,,.nc,920214,2016
ghcn_snwd_ioda_20160806.nc,inputs,snow_depth,DA,GHCN,,,.nc,695237,2016
ghcn_snwd_ioda_20160618.nc,inputs,snow_depth,DA,GHCN,,,.nc,710253,2016
ghcn_snwd_ioda_20160302.nc,inputs,snow_depth,DA,GHCN,,,.nc,925908,2016
ghcn_snwd_ioda_20161115.nc,inputs,snow_depth,DA,GHCN,,,.nc,807819,2016
ghcn_snwd_ioda_20161121.nc,inputs,snow_depth,DA,GHCN,,,.nc,878151,2016
ghcn_snwd_ioda_20160509.nc,inputs,snow_depth,DA,GHCN,,,.nc,751043,2016
ghcn_snwd_ioda_20161124.nc,inputs,snow_depth,DA,GHCN,,,.nc,839712,2016
ghcn_snwd_ioda_20160511.nc,inputs,snow_depth,DA,GHCN,,,.nc,716794,2016
ghcn_snwd_ioda_20160206.nc,inputs,snow_depth,DA,GHCN,,,.nc,920952,2016
ghcn_snwd_ioda_20160415.nc,inputs,snow_depth,DA,GHCN,,,.nc,819214,2016
ghcn_snwd_ioda_20160809.nc,inputs,snow_depth,DA,GHCN,,,.nc,713408,2016
ghcn_snwd_ioda_20161220.nc,inputs,snow_depth,DA,GHCN,,,.nc,1328648,2016
ghcn_snwd_ioda_20160814.nc,inputs,snow_depth,DA,GHCN,,,.nc,695540,2016
ghcn_snwd_ioda_20160120.nc,inputs,snow_depth,DA,GHCN,,,.nc,986845,2016
ghcn_snwd_ioda_20160312.nc,inputs,snow_depth,DA,GHCN,,,.nc,850921,2016
ghcn_snwd_ioda_20160801.nc,inputs,snow_depth,DA,GHCN,,,.nc,713889,2016
ghcn_snwd_ioda_20160619.nc,inputs,snow_depth,DA,GHCN,,,.nc,710400,2016
ghcn_snwd_ioda_20160306.nc,inputs,snow_depth,DA,GHCN,,,.nc,882507,2016
ghcn_snwd_ioda_20160630.nc,inputs,snow_depth,DA,GHCN,,,.nc,695316,2016
ghcn_snwd_ioda_20160825.nc,inputs,snow_depth,DA,GHCN,,,.nc,713824,2016
ghcn_snwd_ioda_20161013.nc,inputs,snow_depth,DA,GHCN,,,.nc,755919,2016
ghcn_snwd_ioda_20161219.nc,inputs,snow_depth,DA,GHCN,,,.nc,1340958,2016
ghcn_snwd_ioda_20161105.nc,inputs,snow_depth,DA,GHCN,,,.nc,787709,2016
ghcn_snwd_ioda_20161216.nc,inputs,snow_depth,DA,GHCN,,,.nc,1328802,2016
ghcn_snwd_ioda_20160226.nc,inputs,snow_depth,DA,GHCN,,,.nc,919013,2016
ghcn_snwd_ioda_20160911.nc,inputs,snow_depth,DA,GHCN,,,.nc,710003,2016
ghcn_snwd_ioda_20160413.nc,inputs,snow_depth,DA,GHCN,,,.nc,836856,2016
ghcn_snwd_ioda_20160220.nc,inputs,snow_depth,DA,GHCN,,,.nc,881742,2016
ghcn_snwd_ioda_20160831.nc,inputs,snow_depth,DA,GHCN,,,.nc,713555,2016
ghcn_snwd_ioda_20160422.nc,inputs,snow_depth,DA,GHCN,,,.nc,768958,2016
ghcn_snwd_ioda_20161027.nc,inputs,snow_depth,DA,GHCN,,,.nc,777678,2016
ghcn_snwd_ioda_20160130.nc,inputs,snow_depth,DA,GHCN,,,.nc,927222,2016
ghcn_snwd_ioda_20160729.nc,inputs,snow_depth,DA,GHCN,,,.nc,712761,2016
ghcn_snwd_ioda_20160504.nc,inputs,snow_depth,DA,GHCN,,,.nc,751067,2016
ghcn_snwd_ioda_20160228.nc,inputs,snow_depth,DA,GHCN,,,.nc,861848,2016
ghcn_snwd_ioda_20160703.nc,inputs,snow_depth,DA,GHCN,,,.nc,695011,2016
ghcn_snwd_ioda_20160819.nc,inputs,snow_depth,DA,GHCN,,,.nc,713322,2016
ghcn_snwd_ioda_20161226.nc,inputs,snow_depth,DA,GHCN,,,.nc,919770,2016
ghcn_snwd_ioda_20160525.nc,inputs,snow_depth,DA,GHCN,,,.nc,675188,2016
ghcn_snwd_ioda_20160715.nc,inputs,snow_depth,DA,GHCN,,,.nc,712781,2016
ghcn_snwd_ioda_20160923.nc,inputs,snow_depth,DA,GHCN,,,.nc,712752,2016
ghcn_snwd_ioda_20161102.nc,inputs,snow_depth,DA,GHCN,,,.nc,796413,2016
ghcn_snwd_ioda_20161030.nc,inputs,snow_depth,DA,GHCN,,,.nc,767369,2016
ghcn_snwd_ioda_20160908.nc,inputs,snow_depth,DA,GHCN,,,.nc,695446,2016
ghcn_snwd_ioda_20161209.nc,inputs,snow_depth,DA,GHCN,,,.nc,1329019,2016
ghcn_snwd_ioda_20160717.nc,inputs,snow_depth,DA,GHCN,,,.nc,694889,2016
ghcn_snwd_ioda_20160902.nc,inputs,snow_depth,DA,GHCN,,,.nc,695832,2016
ghcn_snwd_ioda_20160208.nc,inputs,snow_depth,DA,GHCN,,,.nc,933543,2016
ghcn_snwd_ioda_20161129.nc,inputs,snow_depth,DA,GHCN,,,.nc,881264,2016
ghcn_snwd_ioda_20161116.nc,inputs,snow_depth,DA,GHCN,,,.nc,817490,2016
ghcn_snwd_ioda_20161221.nc,inputs,snow_depth,DA,GHCN,,,.nc,926701,2016
ghcn_snwd_ioda_20160706.nc,inputs,snow_depth,DA,GHCN,,,.nc,713370,2016
ghcn_snwd_ioda_20160401.nc,inputs,snow_depth,DA,GHCN,,,.nc,861449,2016
ghcn_snwd_ioda_20160223.nc,inputs,snow_depth,DA,GHCN,,,.nc,917952,2016
ghcn_snwd_ioda_20160213.nc,inputs,snow_depth,DA,GHCN,,,.nc,933495,2016
ghcn_snwd_ioda_20160610.nc,inputs,snow_depth,DA,GHCN,,,.nc,712968,2016
ghcn_snwd_ioda_20160321.nc,inputs,snow_depth,DA,GHCN,,,.nc,917266,2016
ghcn_snwd_ioda_20160719.nc,inputs,snow_depth,DA,GHCN,,,.nc,713097,2016
ghcn_snwd_ioda_20160514.nc,inputs,snow_depth,DA,GHCN,,,.nc,697035,2016
ghcn_snwd_ioda_20161024.nc,inputs,snow_depth,DA,GHCN,,,.nc,767052,2016
ghcn_snwd_ioda_20160114.nc,inputs,snow_depth,DA,GHCN,,,.nc,950532,2016
ghcn_snwd_ioda_20160430.nc,inputs,snow_depth,DA,GHCN,,,.nc,770040,2016
ghcn_snwd_ioda_20160503.nc,inputs,snow_depth,DA,GHCN,,,.nc,751987,2016
ghcn_snwd_ioda_20160209.nc,inputs,snow_depth,DA,GHCN,,,.nc,965116,2016
ghcn_snwd_ioda_20160214.nc,inputs,snow_depth,DA,GHCN,,,.nc,922648,2016
ghcn_snwd_ioda_20160426.nc,inputs,snow_depth,DA,GHCN,,,.nc,770002,2016
ghcn_snwd_ioda_20160311.nc,inputs,snow_depth,DA,GHCN,,,.nc,879278,2016
ghcn_snwd_ioda_20161110.nc,inputs,snow_depth,DA,GHCN,,,.nc,798062,2016
ghcn_snwd_ioda_20160919.nc,inputs,snow_depth,DA,GHCN,,,.nc,712701,2016
ghcn_snwd_ioda_20160718.nc,inputs,snow_depth,DA,GHCN,,,.nc,713222,2016
ghcn_snwd_ioda_20160201.nc,inputs,snow_depth,DA,GHCN,,,.nc,965186,2016
ghcn_snwd_ioda_20160925.nc,inputs,snow_depth,DA,GHCN,,,.nc,711015,2016
ghcn_snwd_ioda_20160826.nc,inputs,snow_depth,DA,GHCN,,,.nc,713520,2016
ghcn_snwd_ioda_20160926.nc,inputs,snow_depth,DA,GHCN,,,.nc,712982,2016
ghcn_snwd_ioda_20161031.nc,inputs,snow_depth,DA,GHCN,,,.nc,787197,2016
ghcn_snwd_ioda_20160113.nc,inputs,snow_depth,DA,GHCN,,,.nc,965701,2016
ghcn_snwd_ioda_20161003.nc,inputs,snow_depth,DA,GHCN,,,.nc,752786,2016
ghcn_snwd_ioda_20161108.nc,inputs,snow_depth,DA,GHCN,,,.nc,798170,2016
ghcn_snwd_ioda_20160601.nc,inputs,snow_depth,DA,GHCN,,,.nc,714556,2016
ghcn_snwd_ioda_20160421.nc,inputs,snow_depth,DA,GHCN,,,.nc,769758,2016
ghcn_snwd_ioda_20160102.nc,inputs,snow_depth,DA,GHCN,,,.nc,927054,2016
ghcn_snwd_ioda_20160404.nc,inputs,snow_depth,DA,GHCN,,,.nc,878376,2016
ghcn_snwd_ioda_20161203.nc,inputs,snow_depth,DA,GHCN,,,.nc,878972,2016
ghcn_snwd_ioda_20161231.nc,inputs,snow_depth,DA,GHCN,,,.nc,918572,2016
ghcn_snwd_ioda_20160614.nc,inputs,snow_depth,DA,GHCN,,,.nc,712645,2016
ghcn_snwd_ioda_20160924.nc,inputs,snow_depth,DA,GHCN,,,.nc,695288,2016
ghcn_snwd_ioda_20160403.nc,inputs,snow_depth,DA,GHCN,,,.nc,860776,2016
ghcn_snwd_ioda_20161215.nc,inputs,snow_depth,DA,GHCN,,,.nc,1329872,2016
ghcn_snwd_ioda_20160830.nc,inputs,snow_depth,DA,GHCN,,,.nc,713295,2016
ghcn_snwd_ioda_20161020.nc,inputs,snow_depth,DA,GHCN,,,.nc,762362,2016
ghcn_snwd_ioda_20161210.nc,inputs,snow_depth,DA,GHCN,,,.nc,919994,2016
ghcn_snwd_ioda_20160615.nc,inputs,snow_depth,DA,GHCN,,,.nc,695931,2016
ghcn_snwd_ioda_20160428.nc,inputs,snow_depth,DA,GHCN,,,.nc,770040,2016
ghcn_snwd_ioda_20160215.nc,inputs,snow_depth,DA,GHCN,,,.nc,971378,2016
ghcn_snwd_ioda_20160402.nc,inputs,snow_depth,DA,GHCN,,,.nc,845646,2016
ghcn_snwd_ioda_20160224.nc,inputs,snow_depth,DA,GHCN,,,.nc,918306,2016
ghcn_snwd_ioda_20160704.nc,inputs,snow_depth,DA,GHCN,,,.nc,695824,2016
ghcn_snwd_ioda_20160625.nc,inputs,snow_depth,DA,GHCN,,,.nc,710103,2016
ghcn_snwd_ioda_20160111.nc,inputs,snow_depth,DA,GHCN,,,.nc,970114,2016
ghcn_snwd_ioda_20160613.nc,inputs,snow_depth,DA,GHCN,,,.nc,713046,2016
ghcn_snwd_ioda_20160712.nc,inputs,snow_depth,DA,GHCN,,,.nc,712938,2016
ghcn_snwd_ioda_20161006.nc,inputs,snow_depth,DA,GHCN,,,.nc,755204,2016
ghcn_snwd_ioda_20161113.nc,inputs,snow_depth,DA,GHCN,,,.nc,788419,2016
ghcn_snwd_ioda_20160824.nc,inputs,snow_depth,DA,GHCN,,,.nc,713717,2016
ghcn_snwd_ioda_20161223.nc,inputs,snow_depth,DA,GHCN,,,.nc,921965,2016
ghcn_snwd_ioda_20160410.nc,inputs,snow_depth,DA,GHCN,,,.nc,840419,2016
ghcn_snwd_ioda_20160822.nc,inputs,snow_depth,DA,GHCN,,,.nc,713856,2016
