Data File,Dataset Type,Resolution (C),Ocean Resolution (mx),File Extension,File Size (Bytes),Version,Sub-Category 1,Sub-Category 2,Sub-Category 3
ufs.cpld.lnd.out.2000-01-02-00000.tile1.nc,develop-20230816,,,.nc,11555364,,NEMSfv3gfs,datm_cdeps_lnd_gswp3,INTEL
ufs.cpld.lnd.out.2000-01-02-00000.tile4.nc,develop-20230816,,,.nc,11555364,,NEMSfv3gfs,datm_cdeps_lnd_gswp3,INTEL
ufs.cpld.lnd.out.2000-01-02-00000.tile2.nc,develop-20230816,,,.nc,11555364,,NEMSfv3gfs,datm_cdeps_lnd_gswp3,INTEL
ufs.cpld.lnd.out.2000-01-02-00000.tile6.nc,develop-20230816,,,.nc,11555364,,NEMSfv3gfs,datm_cdeps_lnd_gswp3,INTEL
ufs.cpld.lnd.out.2000-01-02-00000.tile5.nc,develop-20230816,,,.nc,11555364,,NEMSfv3gfs,datm_cdeps_lnd_gswp3,INTEL
ufs.cpld.lnd.out.2000-01-02-00000.tile3.nc,develop-20230816,,,.nc,11555364,,NEMSfv3gfs,datm_cdeps_lnd_gswp3,INTEL
C96_grid.tile3.nc,input-data-20221101,96,,.nc,2094935,,NEMSfv3gfs,INPUT,FV3_input_data
C96_grid.tile4.nc,input-data-20221101,96,,.nc,2094935,,NEMSfv3gfs,INPUT,FV3_input_data
C96_grid.tile5.nc,input-data-20221101,96,,.nc,2094935,,NEMSfv3gfs,INPUT,FV3_input_data
C96_grid.tile2.nc,input-data-20221101,96,,.nc,2094935,,NEMSfv3gfs,INPUT,FV3_input_data
grid_spec.nc,input-data-20221101,,,.nc,21966,,NEMSfv3gfs,INPUT,FV3_input_data
C96_grid.tile1.nc,input-data-20221101,96,,.nc,2094935,,NEMSfv3gfs,INPUT,FV3_input_data
C96_grid.tile6.nc,input-data-20221101,96,,.nc,2094935,,NEMSfv3gfs,INPUT,FV3_input_data
ufs-land_C96_init_fields.tile1.nc,input-data-20221101,96,,.nc,665156,,NEMSfv3gfs,,NOAHMP_IC
ufs-land_C96_init_fields.tile5.nc,input-data-20221101,96,,.nc,665156,,NEMSfv3gfs,,NOAHMP_IC
ufs-land_C96_init_fields.tile4.nc,input-data-20221101,96,,.nc,665156,,NEMSfv3gfs,,NOAHMP_IC
ufs-land_C96_init_fields.tile2.nc,input-data-20221101,96,,.nc,665156,,NEMSfv3gfs,,NOAHMP_IC
ufs-land_C96_init_fields.tile6.nc,input-data-20221101,96,,.nc,665156,,NEMSfv3gfs,,NOAHMP_IC
ufs-land_C96_init_fields.tile3.nc,input-data-20221101,96,,.nc,665156,,NEMSfv3gfs,,NOAHMP_IC
topodata_0.9x1.SCRIP.210520_ESMFmesh.nc,input-data-20221101,,,.nc,3547832,,NEMSfv3gfs,,DATM_GSWP3_input_data
clmforc.GSWP3.c2011.0.5x0.5.Solr.1999-12.nc,input-data-20221101,,,.nc,259202520,,NEMSfv3gfs,,DATM_GSWP3_input_data
clmforc.GSWP3.c2011.0.5x0.5.Prec.2000-01.nc,input-data-20221101,,,.nc,259202484,,NEMSfv3gfs,,DATM_GSWP3_input_data
clmforc.GSWP3.c2011.0.5x0.5.Prec.1999-12.nc,input-data-20221101,,,.nc,259202484,,NEMSfv3gfs,,DATM_GSWP3_input_data
clmforc.GSWP3.c2011.0.5x0.5.TPQWL.SCRIP.210520_ESMFmesh.nc,input-data-20221101,,,.nc,16601532,,NEMSfv3gfs,,DATM_GSWP3_input_data
fv1.9x2.5_141008_ESMFmesh.nc,input-data-20221101,,,.nc,846588,,NEMSfv3gfs,,DATM_GSWP3_input_data
topodata_0.9x1.25_USGS_070110_stream_c151201.nc,input-data-20221101,,,.nc,1992888,,NEMSfv3gfs,,DATM_GSWP3_input_data
clmforc.GSWP3.c2011.0.5x0.5.TPQWL.1999-12.nc,input-data-20221101,,,.nc,1287709152,,NEMSfv3gfs,,DATM_GSWP3_input_data
clmforc.GSWP3.c2011.0.5x0.5.TPQWL.2000-01.nc,input-data-20221101,,,.nc,1287709152,,NEMSfv3gfs,,DATM_GSWP3_input_data
clmforc.GSWP3.c2011.0.5x0.5.Solr.2000-01.nc,input-data-20221101,,,.nc,259202520,,NEMSfv3gfs,,DATM_GSWP3_input_data
C96.vegetation_greenness.tile4.nc,input-data-20221101,96,,.nc,525039,,NEMSfv3gfs,C96,FV3_fix_tiled
oro_C96.mx100.tile2.nc,input-data-20221101,96,100,.nc,834883,,NEMSfv3gfs,C96,FV3_fix_tiled
oro_C96.mx100.tile4.nc,input-data-20221101,96,100,.nc,834883,,NEMSfv3gfs,C96,FV3_fix_tiled
C96.facsf.tile4.nc,input-data-20221101,96,,.nc,119545,,NEMSfv3gfs,C96,FV3_fix_tiled
C96.vegetation_type.tile1.nc,input-data-20221101,96,,.nc,119589,,NEMSfv3gfs,C96,FV3_fix_tiled
C96.soil_type.tile6.nc,input-data-20221101,96,,.nc,119480,,NEMSfv3gfs,C96,FV3_fix_tiled
C96.slope_type.tile2.nc,input-data-20221101,96,,.nc,119550,,NEMSfv3gfs,C96,FV3_fix_tiled
C96.soil_color.tile2.nc,input-data-20221101,96,,.nc,119613,,NEMSfv3gfs,C96,FV3_fix_tiled
C96.vegetation_type.tile5.nc,input-data-20221101,96,,.nc,119589,,NEMSfv3gfs,C96,FV3_fix_tiled
C96.soil_color.tile6.nc,input-data-20221101,96,,.nc,119613,,NEMSfv3gfs,C96,FV3_fix_tiled
C96.vegetation_greenness.tile6.nc,input-data-20221101,96,,.nc,525039,,NEMSfv3gfs,C96,FV3_fix_tiled
C96.slope_type.tile3.nc,input-data-20221101,96,,.nc,119550,,NEMSfv3gfs,C96,FV3_fix_tiled
C96.vegetation_greenness.tile5.nc,input-data-20221101,96,,.nc,525039,,NEMSfv3gfs,C96,FV3_fix_tiled
C96.slope_type.tile1.nc,input-data-20221101,96,,.nc,119550,,NEMSfv3gfs,C96,FV3_fix_tiled
oro_C96.mx100.tile6.nc,input-data-20221101,96,100,.nc,834883,,NEMSfv3gfs,C96,FV3_fix_tiled
C96.soil_type.tile1.nc,input-data-20221101,96,,.nc,119480,,NEMSfv3gfs,C96,FV3_fix_tiled
C96.soil_color.tile1.nc,input-data-20221101,96,,.nc,119613,,NEMSfv3gfs,C96,FV3_fix_tiled
C96.substrate_temperature.tile6.nc,input-data-20221101,96,,.nc,119595,,NEMSfv3gfs,C96,FV3_fix_tiled
C96.soil_color.tile5.nc,input-data-20221101,96,,.nc,119613,,NEMSfv3gfs,C96,FV3_fix_tiled
C96.soil_type.tile3.nc,input-data-20221101,96,,.nc,119480,,NEMSfv3gfs,C96,FV3_fix_tiled
oro_C96.mx100.tile3.nc,input-data-20221101,96,100,.nc,834883,,NEMSfv3gfs,C96,FV3_fix_tiled
C96.maximum_snow_albedo.tile2.nc,input-data-20221101,96,,.nc,119490,,NEMSfv3gfs,C96,FV3_fix_tiled
C96.snowfree_albedo.tile5.nc,input-data-20221101,96,,.nc,1857404,,NEMSfv3gfs,C96,FV3_fix_tiled
C96.maximum_snow_albedo.tile1.nc,input-data-20221101,96,,.nc,119490,,NEMSfv3gfs,C96,FV3_fix_tiled
C96.soil_color.tile3.nc,input-data-20221101,96,,.nc,119613,,NEMSfv3gfs,C96,FV3_fix_tiled
C96.soil_color.tile4.nc,input-data-20221101,96,,.nc,119613,,NEMSfv3gfs,C96,FV3_fix_tiled
C96.snowfree_albedo.tile3.nc,input-data-20221101,96,,.nc,1857404,,NEMSfv3gfs,C96,FV3_fix_tiled
C96.vegetation_type.tile4.nc,input-data-20221101,96,,.nc,119589,,NEMSfv3gfs,C96,FV3_fix_tiled
C96.facsf.tile2.nc,input-data-20221101,96,,.nc,119545,,NEMSfv3gfs,C96,FV3_fix_tiled
C96.snowfree_albedo.tile6.nc,input-data-20221101,96,,.nc,1857404,,NEMSfv3gfs,C96,FV3_fix_tiled
C96.facsf.tile3.nc,input-data-20221101,96,,.nc,119545,,NEMSfv3gfs,C96,FV3_fix_tiled
C96.vegetation_greenness.tile1.nc,input-data-20221101,96,,.nc,525039,,NEMSfv3gfs,C96,FV3_fix_tiled
C96.facsf.tile5.nc,input-data-20221101,96,,.nc,119545,,NEMSfv3gfs,C96,FV3_fix_tiled
C96.snowfree_albedo.tile1.nc,input-data-20221101,96,,.nc,1857404,,NEMSfv3gfs,C96,FV3_fix_tiled
C96.facsf.tile6.nc,input-data-20221101,96,,.nc,119545,,NEMSfv3gfs,C96,FV3_fix_tiled
C96.maximum_snow_albedo.tile6.nc,input-data-20221101,96,,.nc,119490,,NEMSfv3gfs,C96,FV3_fix_tiled
C96.substrate_temperature.tile3.nc,input-data-20221101,96,,.nc,119595,,NEMSfv3gfs,C96,FV3_fix_tiled
C96.soil_type.tile5.nc,input-data-20221101,96,,.nc,119480,,NEMSfv3gfs,C96,FV3_fix_tiled
C96.vegetation_greenness.tile2.nc,input-data-20221101,96,,.nc,525039,,NEMSfv3gfs,C96,FV3_fix_tiled
C96.maximum_snow_albedo.tile3.nc,input-data-20221101,96,,.nc,119490,,NEMSfv3gfs,C96,FV3_fix_tiled
C96.vegetation_type.tile6.nc,input-data-20221101,96,,.nc,119589,,NEMSfv3gfs,C96,FV3_fix_tiled
C96.maximum_snow_albedo.tile4.nc,input-data-20221101,96,,.nc,119490,,NEMSfv3gfs,C96,FV3_fix_tiled
C96.slope_type.tile5.nc,input-data-20221101,96,,.nc,119550,,NEMSfv3gfs,C96,FV3_fix_tiled
C96.soil_type.tile4.nc,input-data-20221101,96,,.nc,119480,,NEMSfv3gfs,C96,FV3_fix_tiled
C96.vegetation_type.tile2.nc,input-data-20221101,96,,.nc,119589,,NEMSfv3gfs,C96,FV3_fix_tiled
C96.facsf.tile1.nc,input-data-20221101,96,,.nc,119545,,NEMSfv3gfs,C96,FV3_fix_tiled
C96.substrate_temperature.tile5.nc,input-data-20221101,96,,.nc,119595,,NEMSfv3gfs,C96,FV3_fix_tiled
C96.slope_type.tile6.nc,input-data-20221101,96,,.nc,119550,,NEMSfv3gfs,C96,FV3_fix_tiled
oro_C96.mx100.tile5.nc,input-data-20221101,96,100,.nc,834883,,NEMSfv3gfs,C96,FV3_fix_tiled
C96.maximum_snow_albedo.tile5.nc,input-data-20221101,96,,.nc,119490,,NEMSfv3gfs,C96,FV3_fix_tiled
C96.vegetation_greenness.tile3.nc,input-data-20221101,96,,.nc,525039,,NEMSfv3gfs,C96,FV3_fix_tiled
C96.vegetation_type.tile3.nc,input-data-20221101,96,,.nc,119589,,NEMSfv3gfs,C96,FV3_fix_tiled
C96.substrate_temperature.tile2.nc,input-data-20221101,96,,.nc,119595,,NEMSfv3gfs,C96,FV3_fix_tiled
C96.substrate_temperature.tile4.nc,input-data-20221101,96,,.nc,119595,,NEMSfv3gfs,C96,FV3_fix_tiled
C96.soil_type.tile2.nc,input-data-20221101,96,,.nc,119480,,NEMSfv3gfs,C96,FV3_fix_tiled
C96.slope_type.tile4.nc,input-data-20221101,96,,.nc,119550,,NEMSfv3gfs,C96,FV3_fix_tiled
C96.snowfree_albedo.tile2.nc,input-data-20221101,96,,.nc,1857404,,NEMSfv3gfs,C96,FV3_fix_tiled
C96.snowfree_albedo.tile4.nc,input-data-20221101,96,,.nc,1857404,,NEMSfv3gfs,C96,FV3_fix_tiled
C96.substrate_temperature.tile1.nc,input-data-20221101,96,,.nc,119595,,NEMSfv3gfs,C96,FV3_fix_tiled
oro_C96.mx100.tile1.nc,input-data-20221101,96,100,.nc,834883,,NEMSfv3gfs,C96,FV3_fix_tiled
ufs_land_restart.2019-12-21_00-00-00.nc,,,,.nc,14111215,,restarts,,
ufs.cpld.lnd.out.2000-01-03-00000.tile5.nc,,,,.nc,11555364,,restarts,,
ufs.cpld.lnd.out.2000-01-03-00000.tile4.nc,,,,.nc,11555364,,restarts,,
ufs_land_restart.2019-12-21_00-00-00.tile2.nc,,,,.nc,11487503,,restarts,,2019
ufs_land_restart.2019-12-21_00-00-00.tile5.nc,,,,.nc,11487503,,restarts,,2019
ufs_land_restart.2019-12-21_00-00-00.tile6.nc,,,,.nc,11487503,,restarts,,2019
ufs_land_restart.2019-12-21_00-00-00.tile4.nc,,,,.nc,11487503,,restarts,,2019
ufs_land_restart.2019-12-21_00-00-00.tile3.nc,,,,.nc,11487503,,restarts,,2019
ufs_land_restart.2019-12-21_00-00-00.tile1.nc,,,,.nc,11487503,,restarts,,2019
ufs.cpld.lnd.out.2000-01-03-00000.tile2.nc,,,,.nc,11555364,,restarts,,
ufs.cpld.lnd.out.2000-01-03-00000.tile1.nc,,,,.nc,11555364,,restarts,,
ufs.cpld.cpl.r.2000-01-03-00000.nc,,,,.nc,13390912,,restarts,,
ufs.cpld.lnd.out.2000-01-03-00000.tile6.nc,,,,.nc,11555364,,restarts,,
ufs.cpld.datm.r.2000-01-03-00000.nc,,,,.nc,18904,,restarts,,
ufs.cpld.lnd.out.2000-01-03-00000.tile3.nc,,,,.nc,11555364,,restarts,,
oro_C96.mx100.tile2.nc,,96,100,.nc,834883,,forcing,,orog_files
oro_C96.mx100.tile4.nc,,96,100,.nc,834883,,forcing,,orog_files
oro_C96.mx100.tile6.nc,,96,100,.nc,834883,,forcing,,orog_files
oro_C96.mx100.tile3.nc,,96,100,.nc,834883,,forcing,,orog_files
oro_C96.mx100.tile5.nc,,96,100,.nc,834883,,forcing,,orog_files
oro_C96.mx100.tile1.nc,,96,100,.nc,834883,,forcing,,orog_files
C96_ERA5_forcing_2021-07-03.nc,,96,,.nc,12313780,,forcing,C96,datm
C96_ERA5_forcing_2021-08-21.nc,,96,,.nc,12313780,,forcing,C96,datm
C96_ERA5_forcing_2019-12-06.nc,,96,,.nc,12313780,,forcing,C96,datm
C96_ERA5_forcing_2021-01-07.nc,,96,,.nc,12313780,,forcing,C96,datm
C96_ERA5_forcing_2020-12-15.nc,,96,,.nc,12313780,,forcing,C96,datm
C96_ERA5_forcing_2020-11-20.nc,,96,,.nc,12313780,,forcing,C96,datm
C96_ERA5_forcing_2021-04-26.nc,,96,,.nc,12313780,,forcing,C96,datm
C96_ERA5_forcing_2021-06-01.nc,,96,,.nc,12313780,,forcing,C96,datm
C96_ERA5_forcing_2021-06-04.nc,,96,,.nc,12313780,,forcing,C96,datm
C96_ERA5_forcing_2019-12-17.nc,,96,,.nc,12313780,,forcing,C96,datm
C96_ERA5_forcing_2021-04-01.nc,,96,,.nc,12313780,,forcing,C96,datm
C96_ERA5_forcing_2021-03-29.nc,,96,,.nc,12313780,,forcing,C96,datm
C96_ERA5_forcing_2019-12-08.nc,,96,,.nc,12313780,,forcing,C96,datm
C96_ERA5_forcing_2021-01-25.nc,,96,,.nc,12313780,,forcing,C96,datm
C96_ERA5_forcing_2021-05-17.nc,,96,,.nc,12313780,,forcing,C96,datm
C96_ERA5_forcing_2021-05-10.nc,,96,,.nc,12313780,,forcing,C96,datm
C96_ERA5_forcing_2020-11-30.nc,,96,,.nc,12313780,,forcing,C96,datm
C96_ERA5_forcing_2021-07-12.nc,,96,,.nc,12313780,,forcing,C96,datm
C96_ERA5_forcing_2021-06-12.nc,,96,,.nc,12313780,,forcing,C96,datm
C96_ERA5_forcing_2021-03-31.nc,,96,,.nc,12313780,,forcing,C96,datm
C96_ERA5_forcing_2021-06-24.nc,,96,,.nc,12313780,,forcing,C96,datm
C96_ERA5_forcing_2019-12-28.nc,,96,,.nc,12313780,,forcing,C96,datm
C96_ERA5_forcing_2020-10-25.nc,,96,,.nc,12313780,,forcing,C96,datm
C96_ERA5_forcing_2021-08-18.nc,,96,,.nc,12313780,,forcing,C96,datm
C96_ERA5_forcing_2021-08-15.nc,,96,,.nc,12313780,,forcing,C96,datm
C96_ERA5_forcing_2021-02-16.nc,,96,,.nc,12313780,,forcing,C96,datm
C96_ERA5_forcing_2021-05-13.nc,,96,,.nc,12313780,,forcing,C96,datm
C96_ERA5_forcing_2021-06-26.nc,,96,,.nc,12313780,,forcing,C96,datm
C96_ERA5_forcing_2021-04-14.nc,,96,,.nc,12313780,,forcing,C96,datm
C96_ERA5_forcing_2020-10-10.nc,,96,,.nc,12313780,,forcing,C96,datm
C96_ERA5_forcing_2020-10-16.nc,,96,,.nc,12313780,,forcing,C96,datm
C96_ERA5_forcing_2020-11-21.nc,,96,,.nc,12313780,,forcing,C96,datm
C96_ERA5_forcing_2021-09-22.nc,,96,,.nc,12313780,,forcing,C96,datm
C96_ERA5_forcing_2021-02-12.nc,,96,,.nc,12313780,,forcing,C96,datm
C96_ERA5_forcing_2021-07-19.nc,,96,,.nc,12313780,,forcing,C96,datm
C96_ERA5_forcing_2020-12-04.nc,,96,,.nc,12313780,,forcing,C96,datm
C96_ERA5_forcing_2020-12-30.nc,,96,,.nc,12313780,,forcing,C96,datm
C96_ERA5_forcing_2021-07-20.nc,,96,,.nc,12313780,,forcing,C96,datm
C96_ERA5_forcing_2021-01-20.nc,,96,,.nc,12313780,,forcing,C96,datm
C96_ERA5_forcing_2021-06-20.nc,,96,,.nc,12313780,,forcing,C96,datm
C96_ERA5_forcing_2021-05-29.nc,,96,,.nc,12313780,,forcing,C96,datm
C96_ERA5_forcing_2020-11-06.nc,,96,,.nc,12313780,,forcing,C96,datm
C96_ERA5_forcing_2020-12-23.nc,,96,,.nc,12313780,,forcing,C96,datm
C96_ERA5_forcing_2021-05-30.nc,,96,,.nc,12313780,,forcing,C96,datm
C96_ERA5_forcing_2021-05-14.nc,,96,,.nc,12313780,,forcing,C96,datm
C96_ERA5_forcing_2021-01-11.nc,,96,,.nc,12313780,,forcing,C96,datm
C96_ERA5_forcing_2021-02-20.nc,,96,,.nc,12313780,,forcing,C96,datm
C96_ERA5_forcing_2019-12-29.nc,,96,,.nc,12313780,,forcing,C96,datm
C96_ERA5_forcing_2021-08-19.nc,,96,,.nc,12313780,,forcing,C96,datm
C96_ERA5_forcing_2020-11-18.nc,,96,,.nc,12313780,,forcing,C96,datm
C96_ERA5_forcing_2021-04-23.nc,,96,,.nc,12313780,,forcing,C96,datm
C96_ERA5_forcing_2021-03-28.nc,,96,,.nc,12313780,,forcing,C96,datm
C96_ERA5_forcing_2020-12-25.nc,,96,,.nc,12313780,,forcing,C96,datm
C96_ERA5_forcing_2021-05-26.nc,,96,,.nc,12313780,,forcing,C96,datm
C96_ERA5_forcing_2021-09-01.nc,,96,,.nc,12313780,,forcing,C96,datm
C96_ERA5_forcing_2020-12-31.nc,,96,,.nc,12313780,,forcing,C96,datm
C96_ERA5_forcing_2021-06-19.nc,,96,,.nc,12313780,,forcing,C96,datm
C96_ERA5_forcing_2021-08-10.nc,,96,,.nc,12313780,,forcing,C96,datm
C96_ERA5_forcing_2020-11-24.nc,,96,,.nc,12313780,,forcing,C96,datm
C96_ERA5_forcing_2021-03-14.nc,,96,,.nc,12313780,,forcing,C96,datm
C96_ERA5_forcing_2019-12-20.nc,,96,,.nc,12313780,,forcing,C96,datm
C96_ERA5_forcing_2021-06-27.nc,,96,,.nc,12313780,,forcing,C96,datm
C96_ERA5_forcing_2021-07-23.nc,,96,,.nc,12313780,,forcing,C96,datm
C96_ERA5_forcing_2020-11-28.nc,,96,,.nc,12313780,,forcing,C96,datm
C96_ERA5_forcing_2021-02-04.nc,,96,,.nc,12313780,,forcing,C96,datm
C96_ERA5_forcing_2021-02-23.nc,,96,,.nc,12313780,,forcing,C96,datm
C96_ERA5_forcing_2021-09-19.nc,,96,,.nc,12313780,,forcing,C96,datm
C96_ERA5_forcing_2021-01-27.nc,,96,,.nc,12313780,,forcing,C96,datm
C96_ERA5_forcing_2021-01-24.nc,,96,,.nc,12313780,,forcing,C96,datm
C96_ERA5_forcing_2019-12-15.nc,,96,,.nc,12313780,,forcing,C96,datm
C96_ERA5_forcing_2021-02-14.nc,,96,,.nc,12313780,,forcing,C96,datm
C96_ERA5_forcing_2019-12-14.nc,,96,,.nc,12313780,,forcing,C96,datm
C96_ERA5_forcing_2021-02-10.nc,,96,,.nc,12313780,,forcing,C96,datm
C96_ERA5_forcing_2021-01-21.nc,,96,,.nc,12313780,,forcing,C96,datm
C96_ERA5_forcing_2021-01-22.nc,,96,,.nc,12313780,,forcing,C96,datm
C96_ERA5_forcing_2021-07-30.nc,,96,,.nc,12313780,,forcing,C96,datm
C96_ERA5_forcing_2020-10-06.nc,,96,,.nc,12313780,,forcing,C96,datm
C96_ERA5_forcing_2021-04-11.nc,,96,,.nc,12313780,,forcing,C96,datm
C96_ERA5_forcing_2021-06-02.nc,,96,,.nc,12313780,,forcing,C96,datm
C96_ERA5_forcing_2021-01-14.nc,,96,,.nc,12313780,,forcing,C96,datm
C96_ERA5_forcing_2020-10-11.nc,,96,,.nc,12313780,,forcing,C96,datm
C96_ERA5_forcing_2020-10-05.nc,,96,,.nc,12313780,,forcing,C96,datm
C96_ERA5_forcing_2020-10-26.nc,,96,,.nc,12313780,,forcing,C96,datm
C96_ERA5_forcing_2021-09-24.nc,,96,,.nc,12313780,,forcing,C96,datm
C96_ERA5_forcing_2020-10-04.nc,,96,,.nc,12313780,,forcing,C96,datm
C96_ERA5_forcing_2021-08-16.nc,,96,,.nc,12313780,,forcing,C96,datm
C96_ERA5_forcing_2021-02-07.nc,,96,,.nc,12313780,,forcing,C96,datm
C96_ERA5_forcing_2021-03-13.nc,,96,,.nc,12313780,,forcing,C96,datm
C96_ERA5_forcing_2021-07-13.nc,,96,,.nc,12313780,,forcing,C96,datm
C96_ERA5_forcing_2021-07-29.nc,,96,,.nc,12313780,,forcing,C96,datm
C96_ERA5_forcing_2021-08-12.nc,,96,,.nc,12313780,,forcing,C96,datm
C96_ERA5_forcing_2021-05-22.nc,,96,,.nc,12313780,,forcing,C96,datm
C96_ERA5_forcing_2020-12-18.nc,,96,,.nc,12313780,,forcing,C96,datm
C96_ERA5_forcing_2020-11-12.nc,,96,,.nc,12313780,,forcing,C96,datm
C96_ERA5_forcing_2021-02-06.nc,,96,,.nc,12313780,,forcing,C96,datm
C96_ERA5_forcing_2021-05-01.nc,,96,,.nc,12313780,,forcing,C96,datm
C96_ERA5_forcing_2021-06-08.nc,,96,,.nc,12313780,,forcing,C96,datm
C96_ERA5_forcing_2020-11-02.nc,,96,,.nc,12313780,,forcing,C96,datm
C96_ERA5_forcing_2020-12-09.nc,,96,,.nc,12313780,,forcing,C96,datm
C96_ERA5_forcing_2021-05-16.nc,,96,,.nc,12313780,,forcing,C96,datm
C96_ERA5_forcing_2021-04-10.nc,,96,,.nc,12313780,,forcing,C96,datm
C96_ERA5_forcing_2021-04-13.nc,,96,,.nc,12313780,,forcing,C96,datm
C96_ERA5_forcing_2020-12-11.nc,,96,,.nc,12313780,,forcing,C96,datm
C96_ERA5_forcing_2021-03-30.nc,,96,,.nc,12313780,,forcing,C96,datm
C96_ERA5_forcing_2021-07-11.nc,,96,,.nc,12313780,,forcing,C96,datm
C96_ERA5_forcing_2021-09-25.nc,,96,,.nc,12313780,,forcing,C96,datm
C96_ERA5_forcing_2021-01-02.nc,,96,,.nc,12313780,,forcing,C96,datm
C96_ERA5_forcing_2021-08-28.nc,,96,,.nc,12313780,,forcing,C96,datm
C96_ERA5_forcing_2021-05-21.nc,,96,,.nc,12313780,,forcing,C96,datm
C96_ERA5_forcing_2020-11-26.nc,,96,,.nc,12313780,,forcing,C96,datm
C96_ERA5_forcing_2021-02-01.nc,,96,,.nc,12313780,,forcing,C96,datm
C96_ERA5_forcing_2021-04-25.nc,,96,,.nc,12313780,,forcing,C96,datm
C96_ERA5_forcing_2020-12-21.nc,,96,,.nc,12313780,,forcing,C96,datm
C96_ERA5_forcing_2021-05-08.nc,,96,,.nc,12313780,,forcing,C96,datm
C96_ERA5_forcing_2020-12-27.nc,,96,,.nc,12313780,,forcing,C96,datm
C96_ERA5_forcing_2021-05-27.nc,,96,,.nc,12313780,,forcing,C96,datm
C96_ERA5_forcing_2021-04-21.nc,,96,,.nc,12313780,,forcing,C96,datm
C96_ERA5_forcing_2020-11-14.nc,,96,,.nc,12313780,,forcing,C96,datm
C96_ERA5_forcing_2021-01-31.nc,,96,,.nc,12313780,,forcing,C96,datm
C96_ERA5_forcing_2021-06-22.nc,,96,,.nc,12313780,,forcing,C96,datm
C96_ERA5_forcing_2021-05-05.nc,,96,,.nc,12313780,,forcing,C96,datm
C96_ERA5_forcing_2021-02-15.nc,,96,,.nc,12313780,,forcing,C96,datm
C96_ERA5_forcing_2020-11-03.nc,,96,,.nc,12313780,,forcing,C96,datm
C96_ERA5_forcing_2020-12-14.nc,,96,,.nc,12313780,,forcing,C96,datm
C96_ERA5_forcing_2021-01-28.nc,,96,,.nc,12313780,,forcing,C96,datm
C96_ERA5_forcing_2020-10-09.nc,,96,,.nc,12313780,,forcing,C96,datm
C96_ERA5_forcing_2021-09-10.nc,,96,,.nc,12313780,,forcing,C96,datm
C96_ERA5_forcing_2019-12-09.nc,,96,,.nc,12313780,,forcing,C96,datm
C96_ERA5_forcing_2021-01-30.nc,,96,,.nc,12313780,,forcing,C96,datm
C96_ERA5_forcing_2020-12-05.nc,,96,,.nc,12313780,,forcing,C96,datm
C96_ERA5_forcing_2019-12-05.nc,,96,,.nc,12313780,,forcing,C96,datm
C96_ERA5_forcing_2021-09-02.nc,,96,,.nc,12313780,,forcing,C96,datm
C96_ERA5_forcing_2021-04-03.nc,,96,,.nc,12313780,,forcing,C96,datm
C96_ERA5_forcing_2021-02-27.nc,,96,,.nc,12313780,,forcing,C96,datm
C96_ERA5_forcing_2021-03-24.nc,,96,,.nc,12313780,,forcing,C96,datm
C96_ERA5_forcing_2021-03-10.nc,,96,,.nc,12313780,,forcing,C96,datm
C96_ERA5_forcing_2020-11-15.nc,,96,,.nc,12313780,,forcing,C96,datm
C96_ERA5_forcing_2020-12-16.nc,,96,,.nc,12313780,,forcing,C96,datm
C96_ERA5_forcing_2020-11-23.nc,,96,,.nc,12313780,,forcing,C96,datm
C96_ERA5_forcing_2021-05-19.nc,,96,,.nc,12313780,,forcing,C96,datm
C96_ERA5_forcing_2020-12-17.nc,,96,,.nc,12313780,,forcing,C96,datm
C96_ERA5_forcing_2021-08-26.nc,,96,,.nc,12313780,,forcing,C96,datm
C96_ERA5_forcing_2021-03-27.nc,,96,,.nc,12313780,,forcing,C96,datm
C96_ERA5_forcing_2020-12-26.nc,,96,,.nc,12313780,,forcing,C96,datm
C96_ERA5_forcing_2021-09-18.nc,,96,,.nc,12313780,,forcing,C96,datm
C96_ERA5_forcing_2021-02-25.nc,,96,,.nc,12313780,,forcing,C96,datm
C96_ERA5_forcing_2021-06-10.nc,,96,,.nc,12313780,,forcing,C96,datm
C96_ERA5_forcing_2021-09-17.nc,,96,,.nc,12313780,,forcing,C96,datm
C96_ERA5_forcing_2020-11-10.nc,,96,,.nc,12313780,,forcing,C96,datm
C96_ERA5_forcing_2021-08-24.nc,,96,,.nc,12313780,,forcing,C96,datm
C96_ERA5_forcing_2021-08-22.nc,,96,,.nc,12313780,,forcing,C96,datm
C96_ERA5_forcing_2020-12-24.nc,,96,,.nc,12313780,,forcing,C96,datm
C96_ERA5_forcing_2021-03-06.nc,,96,,.nc,12313780,,forcing,C96,datm
C96_ERA5_forcing_2020-10-20.nc,,96,,.nc,12313780,,forcing,C96,datm
C96_ERA5_forcing_2021-06-15.nc,,96,,.nc,12313780,,forcing,C96,datm
C96_ERA5_forcing_2019-12-12.nc,,96,,.nc,12313780,,forcing,C96,datm
C96_ERA5_forcing_2020-10-07.nc,,96,,.nc,12313780,,forcing,C96,datm
C96_ERA5_forcing_2020-11-07.nc,,96,,.nc,12313780,,forcing,C96,datm
C96_ERA5_forcing_2021-03-09.nc,,96,,.nc,12313780,,forcing,C96,datm
C96_ERA5_forcing_2021-06-05.nc,,96,,.nc,12313780,,forcing,C96,datm
C96_ERA5_forcing_2021-02-09.nc,,96,,.nc,12313780,,forcing,C96,datm
C96_ERA5_forcing_2021-07-27.nc,,96,,.nc,12313780,,forcing,C96,datm
C96_ERA5_forcing_2021-05-15.nc,,96,,.nc,12313780,,forcing,C96,datm
C96_ERA5_forcing_2021-09-16.nc,,96,,.nc,12313780,,forcing,C96,datm
C96_ERA5_forcing_2021-08-14.nc,,96,,.nc,12313780,,forcing,C96,datm
C96_ERA5_forcing_2020-11-22.nc,,96,,.nc,12313780,,forcing,C96,datm
C96_ERA5_forcing_2021-09-28.nc,,96,,.nc,12313780,,forcing,C96,datm
C96_ERA5_forcing_2021-07-16.nc,,96,,.nc,12313780,,forcing,C96,datm
C96_ERA5_forcing_2019-12-31.nc,,96,,.nc,12313780,,forcing,C96,datm
C96_ERA5_forcing_2021-02-18.nc,,96,,.nc,12313780,,forcing,C96,datm
C96_ERA5_forcing_2021-08-04.nc,,96,,.nc,12313780,,forcing,C96,datm
C96_ERA5_forcing_2021-05-04.nc,,96,,.nc,12313780,,forcing,C96,datm
C96_ERA5_forcing_2021-01-26.nc,,96,,.nc,12313780,,forcing,C96,datm
C96_ERA5_forcing_2021-04-02.nc,,96,,.nc,12313780,,forcing,C96,datm
C96_ERA5_forcing_2021-09-07.nc,,96,,.nc,12313780,,forcing,C96,datm
C96_ERA5_forcing_2021-08-29.nc,,96,,.nc,12313780,,forcing,C96,datm
C96_ERA5_forcing_2020-12-01.nc,,96,,.nc,12313780,,forcing,C96,datm
C96_ERA5_forcing_2021-08-13.nc,,96,,.nc,12313780,,forcing,C96,datm
C96_ERA5_forcing_2020-12-06.nc,,96,,.nc,12313780,,forcing,C96,datm
C96_ERA5_forcing_2020-11-17.nc,,96,,.nc,12313780,,forcing,C96,datm
C96_ERA5_forcing_2021-04-30.nc,,96,,.nc,12313780,,forcing,C96,datm
C96_ERA5_forcing_2021-04-04.nc,,96,,.nc,12313780,,forcing,C96,datm
C96_ERA5_forcing_2021-01-29.nc,,96,,.nc,12313780,,forcing,C96,datm
C96_ERA5_forcing_2020-10-18.nc,,96,,.nc,12313780,,forcing,C96,datm
C96_ERA5_forcing_2019-12-21.nc,,96,,.nc,12313780,,forcing,C96,datm
C96_ERA5_forcing_2021-07-22.nc,,96,,.nc,12313780,,forcing,C96,datm
C96_ERA5_forcing_2021-03-26.nc,,96,,.nc,12313780,,forcing,C96,datm
C96_ERA5_forcing_2019-12-11.nc,,96,,.nc,12313780,,forcing,C96,datm
C96_ERA5_forcing_2021-08-25.nc,,96,,.nc,12313780,,forcing,C96,datm
C96_ERA5_forcing_2021-03-08.nc,,96,,.nc,12313780,,forcing,C96,datm
C96_ERA5_forcing_2020-10-14.nc,,96,,.nc,12313780,,forcing,C96,datm
C96_ERA5_forcing_2019-12-04.nc,,96,,.nc,12313780,,forcing,C96,datm
C96_ERA5_forcing_2020-10-17.nc,,96,,.nc,12313780,,forcing,C96,datm
C96_ERA5_forcing_2020-12-19.nc,,96,,.nc,12313780,,forcing,C96,datm
C96_ERA5_forcing_2021-03-03.nc,,96,,.nc,12313780,,forcing,C96,datm
C96_ERA5_forcing_2021-01-19.nc,,96,,.nc,12313780,,forcing,C96,datm
C96_ERA5_forcing_2021-08-03.nc,,96,,.nc,12313780,,forcing,C96,datm
C96_ERA5_forcing_2021-07-25.nc,,96,,.nc,12313780,,forcing,C96,datm
C96_ERA5_forcing_2021-09-08.nc,,96,,.nc,12313780,,forcing,C96,datm
C96_ERA5_forcing_2021-04-27.nc,,96,,.nc,12313780,,forcing,C96,datm
C96_ERA5_forcing_2021-09-20.nc,,96,,.nc,12313780,,forcing,C96,datm
C96_ERA5_forcing_2020-12-03.nc,,96,,.nc,12313780,,forcing,C96,datm
C96_ERA5_forcing_2021-05-31.nc,,96,,.nc,12313780,,forcing,C96,datm
C96_ERA5_forcing_2020-12-28.nc,,96,,.nc,12313780,,forcing,C96,datm
C96_ERA5_forcing_2021-04-19.nc,,96,,.nc,12313780,,forcing,C96,datm
C96_ERA5_forcing_2020-10-19.nc,,96,,.nc,12313780,,forcing,C96,datm
C96_ERA5_forcing_2021-06-07.nc,,96,,.nc,12313780,,forcing,C96,datm
C96_ERA5_forcing_2021-03-07.nc,,96,,.nc,12313780,,forcing,C96,datm
C96_ERA5_forcing_2021-07-26.nc,,96,,.nc,12313780,,forcing,C96,datm
C96_ERA5_forcing_2020-11-08.nc,,96,,.nc,12313780,,forcing,C96,datm
C96_ERA5_forcing_2020-10-02.nc,,96,,.nc,12313780,,forcing,C96,datm
C96_ERA5_forcing_2020-11-29.nc,,96,,.nc,12313780,,forcing,C96,datm
C96_ERA5_forcing_2021-08-09.nc,,96,,.nc,12313780,,forcing,C96,datm
C96_ERA5_forcing_2021-09-29.nc,,96,,.nc,12313780,,forcing,C96,datm
C96_ERA5_forcing_2021-01-05.nc,,96,,.nc,12313780,,forcing,C96,datm
C96_ERA5_forcing_2021-10-01.nc,,96,,.nc,12313780,,forcing,C96,datm
C96_ERA5_forcing_2020-12-12.nc,,96,,.nc,12313780,,forcing,C96,datm
C96_ERA5_forcing_2020-11-16.nc,,96,,.nc,12313780,,forcing,C96,datm
C96_ERA5_forcing_2021-04-05.nc,,96,,.nc,12313780,,forcing,C96,datm
C96_ERA5_forcing_2021-02-11.nc,,96,,.nc,12313780,,forcing,C96,datm
C96_ERA5_forcing_2020-10-29.nc,,96,,.nc,12313780,,forcing,C96,datm
C96_ERA5_forcing_2020-12-02.nc,,96,,.nc,12313780,,forcing,C96,datm
C96_ERA5_forcing_2020-10-24.nc,,96,,.nc,12313780,,forcing,C96,datm
C96_ERA5_forcing_2020-11-01.nc,,96,,.nc,12313780,,forcing,C96,datm
C96_ERA5_forcing_2021-01-04.nc,,96,,.nc,12313780,,forcing,C96,datm
C96_ERA5_forcing_2020-11-05.nc,,96,,.nc,12313780,,forcing,C96,datm
C96_ERA5_forcing_2021-05-02.nc,,96,,.nc,12313780,,forcing,C96,datm
C96_ERA5_forcing_2020-11-27.nc,,96,,.nc,12313780,,forcing,C96,datm
C96_ERA5_forcing_2021-01-15.nc,,96,,.nc,12313780,,forcing,C96,datm
C96_ERA5_forcing_2021-05-23.nc,,96,,.nc,12313780,,forcing,C96,datm
C96_ERA5_forcing_2021-08-20.nc,,96,,.nc,12313780,,forcing,C96,datm
C96_ERA5_forcing_2021-07-05.nc,,96,,.nc,12313780,,forcing,C96,datm
C96_ERA5_forcing_2021-08-01.nc,,96,,.nc,12313780,,forcing,C96,datm
C96_ERA5_forcing_2021-02-08.nc,,96,,.nc,12313780,,forcing,C96,datm
C96_ERA5_forcing_2021-06-09.nc,,96,,.nc,12313780,,forcing,C96,datm
C96_ERA5_forcing_2019-12-25.nc,,96,,.nc,12313780,,forcing,C96,datm
C96_ERA5_forcing_2021-03-11.nc,,96,,.nc,12313780,,forcing,C96,datm
C96_ERA5_forcing_2021-06-16.nc,,96,,.nc,12313780,,forcing,C96,datm
C96_ERA5_forcing_2021-07-18.nc,,96,,.nc,12313780,,forcing,C96,datm
C96_ERA5_forcing_2021-01-08.nc,,96,,.nc,12313780,,forcing,C96,datm
C96_ERA5_forcing_2020-11-09.nc,,96,,.nc,12313780,,forcing,C96,datm
C96_ERA5_forcing_2021-05-07.nc,,96,,.nc,12313780,,forcing,C96,datm
C96_ERA5_forcing_2021-09-05.nc,,96,,.nc,12313780,,forcing,C96,datm
C96_ERA5_forcing_2021-04-24.nc,,96,,.nc,12313780,,forcing,C96,datm
C96_ERA5_forcing_2021-05-09.nc,,96,,.nc,12313780,,forcing,C96,datm
C96_ERA5_forcing_2019-12-26.nc,,96,,.nc,12313780,,forcing,C96,datm
C96_ERA5_forcing_2021-06-30.nc,,96,,.nc,12313780,,forcing,C96,datm
C96_ERA5_forcing_2021-08-08.nc,,96,,.nc,12313780,,forcing,C96,datm
C96_ERA5_forcing_2021-04-08.nc,,96,,.nc,12313780,,forcing,C96,datm
C96_ERA5_forcing_2021-03-23.nc,,96,,.nc,12313780,,forcing,C96,datm
C96_ERA5_forcing_2021-04-17.nc,,96,,.nc,12313780,,forcing,C96,datm
C96_ERA5_forcing_2021-08-02.nc,,96,,.nc,12313780,,forcing,C96,datm
C96_ERA5_forcing_2021-02-13.nc,,96,,.nc,12313780,,forcing,C96,datm
C96_ERA5_forcing_2021-02-03.nc,,96,,.nc,12313780,,forcing,C96,datm
C96_ERA5_forcing_2020-10-22.nc,,96,,.nc,12313780,,forcing,C96,datm
C96_ERA5_forcing_2021-07-28.nc,,96,,.nc,12313780,,forcing,C96,datm
C96_ERA5_forcing_2021-01-18.nc,,96,,.nc,12313780,,forcing,C96,datm
C96_ERA5_forcing_2021-07-15.nc,,96,,.nc,12313780,,forcing,C96,datm
C96_ERA5_forcing_2019-12-07.nc,,96,,.nc,12313780,,forcing,C96,datm
C96_ERA5_forcing_2021-01-01.nc,,96,,.nc,12313780,,forcing,C96,datm
C96_ERA5_forcing_2019-12-02.nc,,96,,.nc,12313780,,forcing,C96,datm
C96_ERA5_forcing_2021-09-13.nc,,96,,.nc,12313780,,forcing,C96,datm
C96_ERA5_forcing_2021-07-07.nc,,96,,.nc,12313780,,forcing,C96,datm
C96_ERA5_forcing_2021-05-03.nc,,96,,.nc,12313780,,forcing,C96,datm
C96_ERA5_forcing_2021-07-04.nc,,96,,.nc,12313780,,forcing,C96,datm
C96_ERA5_forcing_2021-02-22.nc,,96,,.nc,12313780,,forcing,C96,datm
C96_ERA5_forcing_2021-01-17.nc,,96,,.nc,12313780,,forcing,C96,datm
C96_ERA5_forcing_2019-12-18.nc,,96,,.nc,12313780,,forcing,C96,datm
C96_ERA5_forcing_2021-09-12.nc,,96,,.nc,12313780,,forcing,C96,datm
C96_ERA5_forcing_2021-09-15.nc,,96,,.nc,12313780,,forcing,C96,datm
C96_ERA5_forcing_2020-10-27.nc,,96,,.nc,12313780,,forcing,C96,datm
C96_ERA5_forcing_2021-08-27.nc,,96,,.nc,12313780,,forcing,C96,datm
C96_ERA5_forcing_2019-12-24.nc,,96,,.nc,12313780,,forcing,C96,datm
C96_ERA5_forcing_2021-02-02.nc,,96,,.nc,12313780,,forcing,C96,datm
C96_ERA5_forcing_2021-07-17.nc,,96,,.nc,12313780,,forcing,C96,datm
C96_ERA5_forcing_2019-12-13.nc,,96,,.nc,12313780,,forcing,C96,datm
C96_ERA5_forcing_2020-11-04.nc,,96,,.nc,12313780,,forcing,C96,datm
C96_ERA5_forcing_2021-03-19.nc,,96,,.nc,12313780,,forcing,C96,datm
C96_ERA5_forcing_2021-01-12.nc,,96,,.nc,12313780,,forcing,C96,datm
C96_ERA5_forcing_2021-01-06.nc,,96,,.nc,12313780,,forcing,C96,datm
C96_ERA5_forcing_2021-07-09.nc,,96,,.nc,12313780,,forcing,C96,datm
C96_ERA5_forcing_2021-04-16.nc,,96,,.nc,12313780,,forcing,C96,datm
C96_ERA5_forcing_2021-02-05.nc,,96,,.nc,12313780,,forcing,C96,datm
C96_ERA5_forcing_2021-07-24.nc,,96,,.nc,12313780,,forcing,C96,datm
C96_ERA5_forcing_2021-01-16.nc,,96,,.nc,12313780,,forcing,C96,datm
C96_ERA5_forcing_2021-01-23.nc,,96,,.nc,12313780,,forcing,C96,datm
C96_ERA5_forcing_2021-07-31.nc,,96,,.nc,12313780,,forcing,C96,datm
C96_ERA5_forcing_2021-08-17.nc,,96,,.nc,12313780,,forcing,C96,datm
C96_ERA5_forcing_2021-01-13.nc,,96,,.nc,12313780,,forcing,C96,datm
C96_ERA5_forcing_2021-08-06.nc,,96,,.nc,12313780,,forcing,C96,datm
C96_ERA5_forcing_2021-05-25.nc,,96,,.nc,12313780,,forcing,C96,datm
C96_ERA5_forcing_2021-04-06.nc,,96,,.nc,12313780,,forcing,C96,datm
C96_ERA5_forcing_2021-05-11.nc,,96,,.nc,12313780,,forcing,C96,datm
C96_ERA5_forcing_2019-12-30.nc,,96,,.nc,12313780,,forcing,C96,datm
C96_ERA5_forcing_2021-07-06.nc,,96,,.nc,12313780,,forcing,C96,datm
C96_ERA5_forcing_2021-03-18.nc,,96,,.nc,12313780,,forcing,C96,datm
C96_ERA5_forcing_2020-12-20.nc,,96,,.nc,12313780,,forcing,C96,datm
C96_ERA5_forcing_2021-02-26.nc,,96,,.nc,12313780,,forcing,C96,datm
C96_ERA5_forcing_2020-10-30.nc,,96,,.nc,12313780,,forcing,C96,datm
C96_ERA5_forcing_2021-09-04.nc,,96,,.nc,12313780,,forcing,C96,datm
C96_ERA5_forcing_2021-03-02.nc,,96,,.nc,12313780,,forcing,C96,datm
C96_ERA5_forcing_2021-09-26.nc,,96,,.nc,12313780,,forcing,C96,datm
C96_ERA5_forcing_2021-08-05.nc,,96,,.nc,12313780,,forcing,C96,datm
C96_ERA5_forcing_2021-01-03.nc,,96,,.nc,12313780,,forcing,C96,datm
C96_ERA5_forcing_2021-03-15.nc,,96,,.nc,12313780,,forcing,C96,datm
C96_ERA5_forcing_2021-03-01.nc,,96,,.nc,12313780,,forcing,C96,datm
C96_ERA5_forcing_2021-06-06.nc,,96,,.nc,12313780,,forcing,C96,datm
C96_ERA5_forcing_2020-12-29.nc,,96,,.nc,12313780,,forcing,C96,datm
C96_ERA5_forcing_2021-04-12.nc,,96,,.nc,12313780,,forcing,C96,datm
C96_ERA5_forcing_2019-12-23.nc,,96,,.nc,12313780,,forcing,C96,datm
C96_ERA5_forcing_2021-09-06.nc,,96,,.nc,12313780,,forcing,C96,datm
C96_ERA5_forcing_2021-06-11.nc,,96,,.nc,12313780,,forcing,C96,datm
C96_ERA5_forcing_2020-12-08.nc,,96,,.nc,12313780,,forcing,C96,datm
C96_ERA5_forcing_2021-05-12.nc,,96,,.nc,12313780,,forcing,C96,datm
C96_ERA5_forcing_2020-10-31.nc,,96,,.nc,12313780,,forcing,C96,datm
C96_ERA5_forcing_2021-03-21.nc,,96,,.nc,12313780,,forcing,C96,datm
C96_ERA5_forcing_2021-07-01.nc,,96,,.nc,12313780,,forcing,C96,datm
C96_ERA5_forcing_2020-10-15.nc,,96,,.nc,12313780,,forcing,C96,datm
C96_ERA5_forcing_2021-02-19.nc,,96,,.nc,12313780,,forcing,C96,datm
C96_ERA5_forcing_2021-01-09.nc,,96,,.nc,12313780,,forcing,C96,datm
C96_ERA5_forcing_2021-04-28.nc,,96,,.nc,12313780,,forcing,C96,datm
C96_ERA5_forcing_2021-06-29.nc,,96,,.nc,12313780,,forcing,C96,datm
C96_ERA5_forcing_2021-05-28.nc,,96,,.nc,12313780,,forcing,C96,datm
C96_ERA5_forcing_2021-08-23.nc,,96,,.nc,12313780,,forcing,C96,datm
C96_ERA5_forcing_2019-12-22.nc,,96,,.nc,12313780,,forcing,C96,datm
C96_ERA5_forcing_2021-03-17.nc,,96,,.nc,12313780,,forcing,C96,datm
C96_ERA5_forcing_2020-10-08.nc,,96,,.nc,12313780,,forcing,C96,datm
C96_ERA5_forcing_2021-03-12.nc,,96,,.nc,12313780,,forcing,C96,datm
C96_ERA5_forcing_2021-09-23.nc,,96,,.nc,12313780,,forcing,C96,datm
C96_ERA5_forcing_2021-04-20.nc,,96,,.nc,12313780,,forcing,C96,datm
C96_ERA5_forcing_2021-03-22.nc,,96,,.nc,12313780,,forcing,C96,datm
C96_ERA5_forcing_2021-09-30.nc,,96,,.nc,12313780,,forcing,C96,datm
C96_ERA5_forcing_2019-12-10.nc,,96,,.nc,12313780,,forcing,C96,datm
C96_ERA5_forcing_2019-12-01.nc,,96,,.nc,12313780,,forcing,C96,datm
C96_ERA5_forcing_2020-11-19.nc,,96,,.nc,12313780,,forcing,C96,datm
C96_ERA5_forcing_2021-03-25.nc,,96,,.nc,12313780,,forcing,C96,datm
C96_ERA5_forcing_2020-12-10.nc,,96,,.nc,12313780,,forcing,C96,datm
C96_ERA5_forcing_2021-04-07.nc,,96,,.nc,12313780,,forcing,C96,datm
C96_ERA5_forcing_2020-10-03.nc,,96,,.nc,12313780,,forcing,C96,datm
C96_ERA5_forcing_2021-08-07.nc,,96,,.nc,12313780,,forcing,C96,datm
C96_ERA5_forcing_2019-12-19.nc,,96,,.nc,12313780,,forcing,C96,datm
C96_ERA5_forcing_2019-12-03.nc,,96,,.nc,12313780,,forcing,C96,datm
C96_ERA5_forcing_2021-09-27.nc,,96,,.nc,12313780,,forcing,C96,datm
C96_ERA5_forcing_2021-02-17.nc,,96,,.nc,12313780,,forcing,C96,datm
C96_ERA5_forcing_2021-08-30.nc,,96,,.nc,12313780,,forcing,C96,datm
C96_ERA5_forcing_2020-10-01.nc,,96,,.nc,12313780,,forcing,C96,datm
C96_ERA5_forcing_2020-10-12.nc,,96,,.nc,12313780,,forcing,C96,datm
C96_ERA5_forcing_2021-06-17.nc,,96,,.nc,12313780,,forcing,C96,datm
C96_ERA5_forcing_2021-06-25.nc,,96,,.nc,12313780,,forcing,C96,datm
C96_ERA5_forcing_2019-12-27.nc,,96,,.nc,12313780,,forcing,C96,datm
C96_ERA5_forcing_2021-06-21.nc,,96,,.nc,12313780,,forcing,C96,datm
C96_ERA5_forcing_2020-12-22.nc,,96,,.nc,12313780,,forcing,C96,datm
C96_ERA5_forcing_2021-06-14.nc,,96,,.nc,12313780,,forcing,C96,datm
C96_ERA5_forcing_2020-11-13.nc,,96,,.nc,12313780,,forcing,C96,datm
C96_ERA5_forcing_2021-04-09.nc,,96,,.nc,12313780,,forcing,C96,datm
C96_ERA5_forcing_2021-03-05.nc,,96,,.nc,12313780,,forcing,C96,datm
C96_ERA5_forcing_2021-05-18.nc,,96,,.nc,12313780,,forcing,C96,datm
C96_ERA5_forcing_2021-05-06.nc,,96,,.nc,12313780,,forcing,C96,datm
C96_ERA5_forcing_2021-05-20.nc,,96,,.nc,12313780,,forcing,C96,datm
C96_ERA5_forcing_2021-09-14.nc,,96,,.nc,12313780,,forcing,C96,datm
C96_ERA5_forcing_2020-11-25.nc,,96,,.nc,12313780,,forcing,C96,datm
C96_ERA5_forcing_2021-06-03.nc,,96,,.nc,12313780,,forcing,C96,datm
C96_ERA5_forcing_2021-06-28.nc,,96,,.nc,12313780,,forcing,C96,datm
C96_ERA5_forcing_2020-12-13.nc,,96,,.nc,12313780,,forcing,C96,datm
C96_ERA5_forcing_2021-08-31.nc,,96,,.nc,12313780,,forcing,C96,datm
C96_ERA5_forcing_2021-02-21.nc,,96,,.nc,12313780,,forcing,C96,datm
C96_ERA5_forcing_2021-02-24.nc,,96,,.nc,12313780,,forcing,C96,datm
C96_ERA5_forcing_2021-04-22.nc,,96,,.nc,12313780,,forcing,C96,datm
C96_ERA5_forcing_2021-09-11.nc,,96,,.nc,12313780,,forcing,C96,datm
C96_ERA5_forcing_2021-07-02.nc,,96,,.nc,12313780,,forcing,C96,datm
C96_ERA5_forcing_2021-09-21.nc,,96,,.nc,12313780,,forcing,C96,datm
C96_ERA5_forcing_2021-01-10.nc,,96,,.nc,12313780,,forcing,C96,datm
C96_ERA5_forcing_2021-07-10.nc,,96,,.nc,12313780,,forcing,C96,datm
C96_ERA5_forcing_2020-12-07.nc,,96,,.nc,12313780,,forcing,C96,datm
C96_ERA5_forcing_2021-04-29.nc,,96,,.nc,12313780,,forcing,C96,datm
C96_ERA5_forcing_2020-10-23.nc,,96,,.nc,12313780,,forcing,C96,datm
C96_ERA5_forcing_2021-06-13.nc,,96,,.nc,12313780,,forcing,C96,datm
C96_ERA5_forcing_2021-08-11.nc,,96,,.nc,12313780,,forcing,C96,datm
C96_ERA5_forcing_2020-10-28.nc,,96,,.nc,12313780,,forcing,C96,datm
C96_ERA5_forcing_2021-09-03.nc,,96,,.nc,12313780,,forcing,C96,datm
C96_ERA5_forcing_2021-07-21.nc,,96,,.nc,12313780,,forcing,C96,datm
C96_ERA5_forcing_2021-04-18.nc,,96,,.nc,12313780,,forcing,C96,datm
C96_ERA5_forcing_2020-11-11.nc,,96,,.nc,12313780,,forcing,C96,datm
C96_ERA5_forcing_2021-06-23.nc,,96,,.nc,12313780,,forcing,C96,datm
C96_ERA5_forcing_2021-07-08.nc,,96,,.nc,12313780,,forcing,C96,datm
C96_ERA5_forcing_2020-10-21.nc,,96,,.nc,12313780,,forcing,C96,datm
C96_ERA5_forcing_2021-03-04.nc,,96,,.nc,12313780,,forcing,C96,datm
C96_ERA5_forcing_2021-09-09.nc,,96,,.nc,12313780,,forcing,C96,datm
C96_ERA5_forcing_2021-03-16.nc,,96,,.nc,12313780,,forcing,C96,datm
C96_ERA5_forcing_2021-02-28.nc,,96,,.nc,12313780,,forcing,C96,datm
C96_ERA5_forcing_2021-05-24.nc,,96,,.nc,12313780,,forcing,C96,datm
C96_ERA5_forcing_2019-12-16.nc,,96,,.nc,12313780,,forcing,C96,datm
C96_ERA5_forcing_2021-04-15.nc,,96,,.nc,12313780,,forcing,C96,datm
C96_ERA5_forcing_2021-03-20.nc,,96,,.nc,12313780,,forcing,C96,datm
C96_ERA5_forcing_2021-07-14.nc,,96,,.nc,12313780,,forcing,C96,datm
C96_ERA5_forcing_2020-10-13.nc,,96,,.nc,12313780,,forcing,C96,datm
C96_ERA5_forcing_2021-06-18.nc,,96,,.nc,12313780,,forcing,C96,datm
ufs-land_C96_init_2010-12-31_23-00-00.nc,,96,,.nc,1321296,,forcing,,init
ufs-land_C96_static_fields.nc,,96,,.nc,7991744,,forcing,,static
oro_C96.mx100.tile2.nc,,96,100,.nc,834883,,forcing,,orog_files
oro_C96.mx100.tile4.nc,,96,100,.nc,834883,,forcing,,orog_files
oro_C96.mx100.tile6.nc,,96,100,.nc,834883,,forcing,,orog_files
oro_C96.mx100.tile3.nc,,96,100,.nc,834883,,forcing,,orog_files
oro_C96.mx100.tile5.nc,,96,100,.nc,834883,,forcing,,orog_files
oro_C96.mx100.tile1.nc,,96,100,.nc,834883,,forcing,,orog_files
ghcn_snwd_ioda_20191229.nc,,,,.nc,709069,,DA,data_proc,GHCN
ghcn_snwd_ioda_20191202.nc,,,,.nc,756437,,DA,data_proc,GHCN
ghcn_snwd_ioda_20191218.nc,,,,.nc,824274,,DA,data_proc,GHCN
ghcn_snwd_ioda_20191210.nc,,,,.nc,713148,,DA,data_proc,GHCN
ghcn_snwd_ioda_20191209.nc,,,,.nc,719345,,DA,data_proc,GHCN
ghcn_snwd_ioda_20191205.nc,,,,.nc,819326,,DA,data_proc,GHCN
ghcn_snwd_ioda_20191221.nc,,,,.nc,777701,,DA,data_proc,GHCN
ghcn_snwd_ioda_20191215.nc,,,,.nc,714440,,DA,data_proc,GHCN
ghcn_snwd_ioda_20191226.nc,,,,.nc,704339,,DA,data_proc,GHCN
ghcn_snwd_ioda_20191203.nc,,,,.nc,753292,,DA,data_proc,GHCN
ghcn_snwd_ioda_20191220.nc,,,,.nc,799744,,DA,data_proc,GHCN
ghcn_snwd_ioda_20191231.nc,,,,.nc,821610,,DA,data_proc,GHCN
ghcn_snwd_ioda_20191214.nc,,,,.nc,782670,,DA,data_proc,GHCN
ghcn_snwd_ioda_20191223.nc,,,,.nc,706007,,DA,data_proc,GHCN
ghcn_snwd_ioda_20191224.nc,,,,.nc,775872,,DA,data_proc,GHCN
ghcn_snwd_ioda_20191206.nc,,,,.nc,708843,,DA,data_proc,GHCN
ghcn_snwd_ioda_20191212.nc,,,,.nc,819014,,DA,data_proc,GHCN
ghcn_snwd_ioda_20191230.nc,,,,.nc,729992,,DA,data_proc,GHCN
ghcn_snwd_ioda_20191213.nc,,,,.nc,707773,,DA,data_proc,GHCN
ghcn_snwd_ioda_20191227.nc,,,,.nc,782771,,DA,data_proc,GHCN
ghcn_snwd_ioda_20191228.nc,,,,.nc,708174,,DA,data_proc,GHCN
ghcn_snwd_ioda_20191225.nc,,,,.nc,773582,,DA,data_proc,GHCN
ghcn_snwd_ioda_20191216.nc,,,,.nc,867381,,DA,data_proc,GHCN
ghcn_snwd_ioda_20191201.nc,,,,.nc,800800,,DA,data_proc,GHCN
ghcn_snwd_ioda_20191207.nc,,,,.nc,703525,,DA,data_proc,GHCN
ghcn_snwd_ioda_20191217.nc,,,,.nc,752763,,DA,data_proc,GHCN
ghcn_snwd_ioda_20191219.nc,,,,.nc,730404,,DA,data_proc,GHCN
ghcn_snwd_ioda_20191208.nc,,,,.nc,703323,,DA,data_proc,GHCN
ghcn_snwd_ioda_20191222.nc,,,,.nc,701210,,DA,data_proc,GHCN
ghcn_snwd_ioda_20191204.nc,,,,.nc,823777,,DA,data_proc,GHCN
ghcn_snwd_ioda_20191211.nc,,,,.nc,825097,,DA,data_proc,GHCN
fake_ghcn_snwd_ioda_20000102.nc,,,,.nc,826472,,DA,data_proc,GHCN
fake_ghcn_snwd_ioda_20000103.nc,,,,.nc,953098,,DA,data_proc,GHCN
oro_data.tile2.nc,,,,.nc,829786,,UFS_WM,,ORO_FLAKE
oro_data.tile5.nc,,,,.nc,829786,,UFS_WM,,ORO_FLAKE
oro_data.tile4.nc,,,,.nc,829786,,UFS_WM,,ORO_FLAKE
oro_data.tile6.nc,,,,.nc,829786,,UFS_WM,,ORO_FLAKE
oro_data.tile3.nc,,,,.nc,829786,,UFS_WM,,ORO_FLAKE
oro_data.tile1.nc,,,,.nc,829786,,UFS_WM,,ORO_FLAKE
oro_data_ss.tile4.nc,,,,.nc,369108,,UFS_WM,,INPUT_L127_atm
C96_grid.tile3.nc,,96,,.nc,2094971,,UFS_WM,,INPUT_L127_atm
C96_grid.tile4.nc,,96,,.nc,2094971,,UFS_WM,,INPUT_L127_atm
oro_data_ls.tile5.nc,,,,.nc,369108,,UFS_WM,,INPUT_L127_atm
C96_grid.tile5.nc,,96,,.nc,2094971,,UFS_WM,,INPUT_L127_atm
oro_data_ls.tile6.nc,,,,.nc,369108,,UFS_WM,,INPUT_L127_atm
gfs_data.tile1.nc,,,,.nc,138283253,,UFS_WM,,INPUT_L127_atm
oro_data_ls.tile4.nc,,,,.nc,369108,,UFS_WM,,INPUT_L127_atm
oro_data_ss.tile2.nc,,,,.nc,369108,,UFS_WM,,INPUT_L127_atm
oro_data_ls.tile1.nc,,,,.nc,369108,,UFS_WM,,INPUT_L127_atm
gfs_data.tile6.nc,,,,.nc,138283253,,UFS_WM,,INPUT_L127_atm
C96_mosaic.nc,,96,,.nc,22010,,UFS_WM,,INPUT_L127_atm
C96_grid.tile2.nc,,96,,.nc,2094971,,UFS_WM,,INPUT_L127_atm
gfs_data.tile5.nc,,,,.nc,138283253,,UFS_WM,,INPUT_L127_atm
sfc_data.tile5.nc,,,,.nc,4699919,,UFS_WM,,INPUT_L127_atm
oro_data_ss.tile6.nc,,,,.nc,369108,,UFS_WM,,INPUT_L127_atm
gfs_ctrl.nc,,,,.nc,8553,,UFS_WM,,INPUT_L127_atm
gfs_data.tile4.nc,,,,.nc,138283253,,UFS_WM,,INPUT_L127_atm
sfc_data.tile1.nc,,,,.nc,4699919,,UFS_WM,,INPUT_L127_atm
oro_data_ss.tile3.nc,,,,.nc,369108,,UFS_WM,,INPUT_L127_atm
sfc_data.tile3.nc,,,,.nc,4699919,,UFS_WM,,INPUT_L127_atm
sfc_data.tile4.nc,,,,.nc,4699919,,UFS_WM,,INPUT_L127_atm
oro_data_ss.tile5.nc,,,,.nc,369108,,UFS_WM,,INPUT_L127_atm
sfc_data.tile2.nc,,,,.nc,4699919,,UFS_WM,,INPUT_L127_atm
sfc_data.tile6.nc,,,,.nc,4699919,,UFS_WM,,INPUT_L127_atm
oro_data_ss.tile1.nc,,,,.nc,369108,,UFS_WM,,INPUT_L127_atm
grid_spec.nc,,,,.nc,21966,,UFS_WM,,INPUT_L127_atm
oro_data_ls.tile2.nc,,,,.nc,369108,,UFS_WM,,INPUT_L127_atm
gfs_data.tile3.nc,,,,.nc,138283253,,UFS_WM,,INPUT_L127_atm
C96_grid.tile1.nc,,96,,.nc,2094971,,UFS_WM,,INPUT_L127_atm
C96_grid.tile6.nc,,96,,.nc,2094971,,UFS_WM,,INPUT_L127_atm
oro_data_ls.tile3.nc,,,,.nc,369108,,UFS_WM,,INPUT_L127_atm
gfs_data.tile2.nc,,,,.nc,138283253,,UFS_WM,,INPUT_L127_atm
oro_data.tile2.nc,,,,.nc,753517,,UFS_WM,,INPUT
C96_grid.tile3.nc,,96,,.nc,2094935,,UFS_WM,,INPUT
C96_grid.tile4.nc,,96,,.nc,2094935,,UFS_WM,,INPUT
C96_grid.tile5.nc,,96,,.nc,2094935,,UFS_WM,,INPUT
gfs_data.tile1.nc,,,,.nc,21755908,,UFS_WM,,INPUT
sfc_ctrl.nc,,,,.nc,12267,,UFS_WM,,INPUT
fv3_increment.nc,,,,.nc,528489100,,UFS_WM,,INPUT
gfs_data.tile6.nc,,,,.nc,21755908,,UFS_WM,,INPUT
oro_data.tile5.nc,,,,.nc,753517,,UFS_WM,,INPUT
C96_grid.tile2.nc,,96,,.nc,2094935,,UFS_WM,,INPUT
gfs_data.tile5.nc,,,,.nc,21755908,,UFS_WM,,INPUT
oro_data.tile4.nc,,,,.nc,753517,,UFS_WM,,INPUT
sfc_data.tile5.nc,,,,.nc,1682634,,UFS_WM,,INPUT
gfs_ctrl.nc,,,,.nc,7252,,UFS_WM,,INPUT
oro_data.tile6.nc,,,,.nc,753517,,UFS_WM,,INPUT
gfs_data.tile4.nc,,,,.nc,21755908,,UFS_WM,,INPUT
sfc_data.tile1.nc,,,,.nc,1682634,,UFS_WM,,INPUT
sfc_data.tile3.nc,,,,.nc,1682634,,UFS_WM,,INPUT
sfc_data.tile4.nc,,,,.nc,1682634,,UFS_WM,,INPUT
sfc_data.tile2.nc,,,,.nc,1682634,,UFS_WM,,INPUT
sfc_data.tile6.nc,,,,.nc,1682634,,UFS_WM,,INPUT
grid_spec.nc,,,,.nc,21966,,UFS_WM,,INPUT
gfs_data.tile3.nc,,,,.nc,21755908,,UFS_WM,,INPUT
C96_grid.tile1.nc,,96,,.nc,2094935,,UFS_WM,,INPUT
oro_data.tile3.nc,,,,.nc,753517,,UFS_WM,,INPUT
C96_grid.tile6.nc,,96,,.nc,2094935,,UFS_WM,,INPUT
gfs_data.tile2.nc,,,,.nc,21755908,,UFS_WM,,INPUT
oro_data.tile1.nc,,,,.nc,753517,,UFS_WM,,INPUT
oro_data_ss.tile4.nc,,,,.nc,369108,,UFS_WM,,INPUT_L127
oro_data.tile2.nc,,,,.nc,753517,,UFS_WM,,INPUT_L127
C96_grid.tile3.nc,,96,,.nc,2094971,,UFS_WM,,INPUT_L127
C96_grid.tile4.nc,,96,,.nc,2094971,,UFS_WM,,INPUT_L127
oro_data_ls.tile5.nc,,,,.nc,369108,,UFS_WM,,INPUT_L127
C96_grid.tile5.nc,,96,,.nc,2094971,,UFS_WM,,INPUT_L127
oro_data_ls.tile6.nc,,,,.nc,369108,,UFS_WM,,INPUT_L127
gfs_data.tile1.nc,,,,.nc,138283253,,UFS_WM,,INPUT_L127
oro_data_ls.tile4.nc,,,,.nc,369108,,UFS_WM,,INPUT_L127
oro_data_ss.tile2.nc,,,,.nc,369108,,UFS_WM,,INPUT_L127
oro_data_ls.tile1.nc,,,,.nc,369108,,UFS_WM,,INPUT_L127
gfs_data.tile6.nc,,,,.nc,138283253,,UFS_WM,,INPUT_L127
C96_mosaic.nc,,96,,.nc,22010,,UFS_WM,,INPUT_L127
oro_data.tile5.nc,,,,.nc,753517,,UFS_WM,,INPUT_L127
C96_grid.tile2.nc,,96,,.nc,2094971,,UFS_WM,,INPUT_L127
gfs_data.tile5.nc,,,,.nc,138283253,,UFS_WM,,INPUT_L127
oro_data.tile4.nc,,,,.nc,753517,,UFS_WM,,INPUT_L127
sfc_data.tile5.nc,,,,.nc,4699919,,UFS_WM,,INPUT_L127
oro_data_ss.tile6.nc,,,,.nc,369108,,UFS_WM,,INPUT_L127
gfs_ctrl.nc,,,,.nc,8553,,UFS_WM,,INPUT_L127
oro_data.tile6.nc,,,,.nc,753517,,UFS_WM,,INPUT_L127
gfs_data.tile4.nc,,,,.nc,138283253,,UFS_WM,,INPUT_L127
sfc_data.tile1.nc,,,,.nc,4699919,,UFS_WM,,INPUT_L127
oro_data_ss.tile3.nc,,,,.nc,369108,,UFS_WM,,INPUT_L127
sfc_data.tile3.nc,,,,.nc,4699919,,UFS_WM,,INPUT_L127
sfc_data.tile4.nc,,,,.nc,4699919,,UFS_WM,,INPUT_L127
oro_data_ss.tile5.nc,,,,.nc,369108,,UFS_WM,,INPUT_L127
sfc_data.tile2.nc,,,,.nc,4699919,,UFS_WM,,INPUT_L127
sfc_data.tile6.nc,,,,.nc,4699919,,UFS_WM,,INPUT_L127
oro_data_ss.tile1.nc,,,,.nc,369108,,UFS_WM,,INPUT_L127
grid_spec.nc,,,,.nc,21966,,UFS_WM,,INPUT_L127
oro_data_ls.tile2.nc,,,,.nc,369108,,UFS_WM,,INPUT_L127
gfs_data.tile3.nc,,,,.nc,138283253,,UFS_WM,,INPUT_L127
C96_grid.tile1.nc,,96,,.nc,2094971,,UFS_WM,,INPUT_L127
oro_data.tile3.nc,,,,.nc,753517,,UFS_WM,,INPUT_L127
C96_grid.tile6.nc,,96,,.nc,2094971,,UFS_WM,,INPUT_L127
oro_data_ls.tile3.nc,,,,.nc,369108,,UFS_WM,,INPUT_L127
gfs_data.tile2.nc,,,,.nc,138283253,,UFS_WM,,INPUT_L127
oro_data.tile1.nc,,,,.nc,753517,,UFS_WM,,INPUT_L127
VEGPARM.TBL,,,,.TBL,2364,,UFS_WM,,
global_snowfree_albedo.bosu.t126.384.190.rg.grb,,,,.grb,1919712,,UFS_WM,,
global_soiltype.statsgo.t126.384.190.rg.grb,,,,.grb,21524,,UFS_WM,,
SOILPARM.TBL,,,,.TBL,2184,,UFS_WM,,
global_soilmgldas.statsgo.t1534.3072.1536.grb,,,,.grb,111393120,,UFS_WM,,
ugwp_c384_tau.nc,,,,.nc,4868,,UFS_WM,,
GENPARM.TBL,,,,.TBL,245,,UFS_WM,,
fv_increment9.nc,,,,.nc,112382078,,UFS_WM,,INPUT_L127_mx100
fv_increment6.nc,,,,.nc,112382078,,UFS_WM,,INPUT_L127_mx100
gfs_data.tile1.nc,,,,.nc,170405705,,UFS_WM,,INPUT_L127_mx100
gfs_data.tile6.nc,,,,.nc,170405705,,UFS_WM,,INPUT_L127_mx100
gfs_data.tile5.nc,,,,.nc,170405705,,UFS_WM,,INPUT_L127_mx100
sfc_data.tile5.nc,,,,.nc,4820343,,UFS_WM,,INPUT_L127_mx100
gfs_ctrl.nc,,,,.nc,8553,,UFS_WM,,INPUT_L127_mx100
gfs_data.tile4.nc,,,,.nc,170405705,,UFS_WM,,INPUT_L127_mx100
sfc_data.tile1.nc,,,,.nc,4820343,,UFS_WM,,INPUT_L127_mx100
sfc_data.tile3.nc,,,,.nc,4820343,,UFS_WM,,INPUT_L127_mx100
sfc_data.tile4.nc,,,,.nc,4820343,,UFS_WM,,INPUT_L127_mx100
fv_increment3.nc,,,,.nc,112382078,,UFS_WM,,INPUT_L127_mx100
sfc_data.tile2.nc,,,,.nc,4820343,,UFS_WM,,INPUT_L127_mx100
sfc_data.tile6.nc,,,,.nc,4820343,,UFS_WM,,INPUT_L127_mx100
gfs_data.tile3.nc,,,,.nc,170405705,,UFS_WM,,INPUT_L127_mx100
gfs_data.tile2.nc,,,,.nc,170405705,,UFS_WM,,INPUT_L127_mx100
global_vegtype.igbp.t126.384.190.rg.grb,,,,.grb,24602,,UFS_WM,,
global_mxsnoalb.uariz.t126.384.190.rg.grb,,,,.grb,39994,,UFS_WM,,
global_soilmgldas.t126.384.190.grb,,,,.grb,1743072,,UFS_WM,,
DETAMPNEW_DATA.expanded_rain_LE,,,,.expanded_rain_LE,86408,,UFS_WM,,
global_slmask.t1534.3072.1536.grb,,,,.grb,2359380,,UFS_WM,,
ufs-land_C96_init_fields.tile1.nc,,96,,.nc,665156,,UFS_WM,,
ufs-land_C96_init_fields.tile5.nc,,96,,.nc,665156,,UFS_WM,,
ufs-land_C96_init_fields.tile4.nc,,96,,.nc,665156,,UFS_WM,,
ufs-land_C96_init_fields.tile2.nc,,96,,.nc,665156,,UFS_WM,,
ufs-land_C96_init_fields.tile6.nc,,96,,.nc,665156,,UFS_WM,,
ufs-land_C96_init_fields.tile3.nc,,96,,.nc,665156,,UFS_WM,,
topodata_0.9x1.SCRIP.210520_ESMFmesh.nc,,,,.nc,3547832,,UFS_WM,,
clmforc.GSWP3.c2011.0.5x0.5.Solr.1999-12.nc,,,,.nc,259202520,,UFS_WM,,
clmforc.GSWP3.c2011.0.5x0.5.Prec.2000-01.nc,,,,.nc,259202484,,UFS_WM,,
clmforc.GSWP3.c2011.0.5x0.5.Prec.1999-12.nc,,,,.nc,259202484,,UFS_WM,,
clmforc.GSWP3.c2011.0.5x0.5.TPQWL.SCRIP.210520_ESMFmesh.nc,,,,.nc,16601532,,UFS_WM,,
fv1.9x2.5_141008_ESMFmesh.nc,,,,.nc,846588,,UFS_WM,,
topodata_0.9x1.25_USGS_070110_stream_c151201.nc,,,,.nc,1992888,,UFS_WM,,
clmforc.GSWP3.c2011.0.5x0.5.TPQWL.1999-12.nc,,,,.nc,1287709152,,UFS_WM,,
clmforc.GSWP3.c2011.0.5x0.5.TPQWL.2000-01.nc,,,,.nc,1287709152,,UFS_WM,,
clmforc.GSWP3.c2011.0.5x0.5.Solr.2000-01.nc,,,,.nc,259202520,,UFS_WM,,
C96.vegetation_greenness.tile4.nc,,96,,.nc,525039,,UFS_WM,,C96
oro_C96.mx100.tile2.nc,,96,100,.nc,834883,,UFS_WM,,C96
oro_C96.mx100.tile4.nc,,96,100,.nc,834883,,UFS_WM,,C96
C96.facsf.tile4.nc,,96,,.nc,119545,,UFS_WM,,C96
C96.vegetation_type.tile1.nc,,96,,.nc,119589,,UFS_WM,,C96
C96.soil_type.tile6.nc,,96,,.nc,119480,,UFS_WM,,C96
C96.slope_type.tile2.nc,,96,,.nc,119550,,UFS_WM,,C96
C96.soil_color.tile2.nc,,96,,.nc,119613,,UFS_WM,,C96
C96.vegetation_type.tile5.nc,,96,,.nc,119589,,UFS_WM,,C96
C96.soil_color.tile6.nc,,96,,.nc,119613,,UFS_WM,,C96
C96.vegetation_greenness.tile6.nc,,96,,.nc,525039,,UFS_WM,,C96
C96.slope_type.tile3.nc,,96,,.nc,119550,,UFS_WM,,C96
C96.vegetation_greenness.tile5.nc,,96,,.nc,525039,,UFS_WM,,C96
C96.slope_type.tile1.nc,,96,,.nc,119550,,UFS_WM,,C96
oro_C96.mx100.tile6.nc,,96,100,.nc,834883,,UFS_WM,,C96
C96.soil_type.tile1.nc,,96,,.nc,119480,,UFS_WM,,C96
C96.soil_color.tile1.nc,,96,,.nc,119613,,UFS_WM,,C96
C96.substrate_temperature.tile6.nc,,96,,.nc,119595,,UFS_WM,,C96
C96.soil_color.tile5.nc,,96,,.nc,119613,,UFS_WM,,C96
C96.soil_type.tile3.nc,,96,,.nc,119480,,UFS_WM,,C96
oro_C96.mx100.tile3.nc,,96,100,.nc,834883,,UFS_WM,,C96
C96.maximum_snow_albedo.tile2.nc,,96,,.nc,119490,,UFS_WM,,C96
C96.snowfree_albedo.tile5.nc,,96,,.nc,1857404,,UFS_WM,,C96
C96.maximum_snow_albedo.tile1.nc,,96,,.nc,119490,,UFS_WM,,C96
C96.soil_color.tile3.nc,,96,,.nc,119613,,UFS_WM,,C96
C96.soil_color.tile4.nc,,96,,.nc,119613,,UFS_WM,,C96
C96.snowfree_albedo.tile3.nc,,96,,.nc,1857404,,UFS_WM,,C96
C96.vegetation_type.tile4.nc,,96,,.nc,119589,,UFS_WM,,C96
C96.facsf.tile2.nc,,96,,.nc,119545,,UFS_WM,,C96
C96.snowfree_albedo.tile6.nc,,96,,.nc,1857404,,UFS_WM,,C96
C96.facsf.tile3.nc,,96,,.nc,119545,,UFS_WM,,C96
C96.vegetation_greenness.tile1.nc,,96,,.nc,525039,,UFS_WM,,C96
C96.facsf.tile5.nc,,96,,.nc,119545,,UFS_WM,,C96
C96.snowfree_albedo.tile1.nc,,96,,.nc,1857404,,UFS_WM,,C96
C96.facsf.tile6.nc,,96,,.nc,119545,,UFS_WM,,C96
C96.maximum_snow_albedo.tile6.nc,,96,,.nc,119490,,UFS_WM,,C96
C96.substrate_temperature.tile3.nc,,96,,.nc,119595,,UFS_WM,,C96
C96.soil_type.tile5.nc,,96,,.nc,119480,,UFS_WM,,C96
C96.vegetation_greenness.tile2.nc,,96,,.nc,525039,,UFS_WM,,C96
C96.maximum_snow_albedo.tile3.nc,,96,,.nc,119490,,UFS_WM,,C96
C96.vegetation_type.tile6.nc,,96,,.nc,119589,,UFS_WM,,C96
C96.maximum_snow_albedo.tile4.nc,,96,,.nc,119490,,UFS_WM,,C96
C96.slope_type.tile5.nc,,96,,.nc,119550,,UFS_WM,,C96
C96.soil_type.tile4.nc,,96,,.nc,119480,,UFS_WM,,C96
C96.vegetation_type.tile2.nc,,96,,.nc,119589,,UFS_WM,,C96
C96.facsf.tile1.nc,,96,,.nc,119545,,UFS_WM,,C96
C96.substrate_temperature.tile5.nc,,96,,.nc,119595,,UFS_WM,,C96
C96.slope_type.tile6.nc,,96,,.nc,119550,,UFS_WM,,C96
oro_C96.mx100.tile5.nc,,96,100,.nc,834883,,UFS_WM,,C96
C96.maximum_snow_albedo.tile5.nc,,96,,.nc,119490,,UFS_WM,,C96
C96.vegetation_greenness.tile3.nc,,96,,.nc,525039,,UFS_WM,,C96
C96.vegetation_type.tile3.nc,,96,,.nc,119589,,UFS_WM,,C96
C96.substrate_temperature.tile2.nc,,96,,.nc,119595,,UFS_WM,,C96
C96.substrate_temperature.tile4.nc,,96,,.nc,119595,,UFS_WM,,C96
C96.soil_type.tile2.nc,,96,,.nc,119480,,UFS_WM,,C96
C96.slope_type.tile4.nc,,96,,.nc,119550,,UFS_WM,,C96
C96.snowfree_albedo.tile2.nc,,96,,.nc,1857404,,UFS_WM,,C96
C96.snowfree_albedo.tile4.nc,,96,,.nc,1857404,,UFS_WM,,C96
C96.substrate_temperature.tile1.nc,,96,,.nc,119595,,UFS_WM,,C96
oro_C96.mx100.tile1.nc,,96,100,.nc,834883,,UFS_WM,,C96
